{"level":"info","message":"Connecting to WebSocket: ws://127.0.0.1:3001?access_token=w@123456","module":"websocket","timestamp":"2025-09-01T12:58:48.846Z"}
{"level":"info","message":"WebSocket connection established","module":"websocket","timestamp":"2025-09-01T12:58:48.853Z"}
{"extra":{"type":"meta_event"},"level":"warn","message":"Unknown message type","module":"websocket","timestamp":"2025-09-01T12:58:48.855Z"}
{"extra":{"type":"meta_event"},"level":"warn","message":"Unknown message type","module":"websocket","timestamp":"2025-09-01T12:59:17.314Z"}
{"level":"info","message":"WebSocket connection manually closed","module":"websocket","timestamp":"2025-09-01T12:59:32.291Z"}
{"level":"info","message":"Connecting to WebSocket: ws://127.0.0.1:3001?access_token=w@123456","module":"websocket","timestamp":"2025-09-01T13:13:20.404Z"}
{"level":"info","message":"WebSocket connection established","module":"websocket","timestamp":"2025-09-01T13:13:20.415Z"}
{"extra":{"type":"meta_event"},"level":"warn","message":"Unknown message type","module":"websocket","timestamp":"2025-09-01T13:13:20.417Z"}
{"extra":{"type":"meta_event"},"level":"warn","message":"Unknown message type","module":"websocket","timestamp":"2025-09-01T13:13:47.333Z"}
{"extra":{},"level":"warn","message":"Unknown message type","module":"websocket","timestamp":"2025-09-01T13:13:50.563Z"}
{"extra":{"type":"meta_event"},"level":"warn","message":"Unknown message type","module":"websocket","timestamp":"2025-09-01T13:14:17.334Z"}
{"extra":{"type":"meta_event"},"level":"warn","message":"Unknown message type","module":"websocket","timestamp":"2025-09-01T13:14:47.335Z"}
{"extra":{"type":"meta_event"},"level":"warn","message":"Unknown message type","module":"websocket","timestamp":"2025-09-01T13:15:17.337Z"}
{"extra":{"type":"meta_event"},"level":"warn","message":"Unknown message type","module":"websocket","timestamp":"2025-09-01T13:15:47.338Z"}
{"extra":{"type":"meta_event"},"level":"warn","message":"Unknown message type","module":"websocket","timestamp":"2025-09-01T13:16:17.338Z"}
{"extra":{"type":"meta_event"},"level":"warn","message":"Unknown message type","module":"websocket","timestamp":"2025-09-01T13:16:47.339Z"}
{"extra":{"type":"meta_event"},"level":"warn","message":"Unknown message type","module":"websocket","timestamp":"2025-09-01T13:17:17.340Z"}
{"extra":{"type":"meta_event"},"level":"warn","message":"Unknown message type","module":"websocket","timestamp":"2025-09-01T13:17:47.341Z"}
{"extra":{"type":"meta_event"},"level":"warn","message":"Unknown message type","module":"websocket","timestamp":"2025-09-01T13:18:17.341Z"}
{"extra":{"type":"meta_event"},"level":"warn","message":"Unknown message type","module":"websocket","timestamp":"2025-09-01T13:18:47.343Z"}
{"level":"info","message":"WebSocket connection manually closed","module":"websocket","timestamp":"2025-09-01T13:19:02.759Z"}
{"extra":{"code":1005,"reason":""},"level":"warn","message":"WebSocket connection closed","module":"websocket","timestamp":"2025-09-01T13:19:02.760Z"}
{"level":"info","message":"WebSocket connection manually closed","module":"websocket","timestamp":"2025-09-01T13:19:17.270Z"}
{"level":"info","message":"Connecting to WebSocket: ws://127.0.0.1:3001?access_token=w@123456","module":"websocket","timestamp":"2025-09-01T13:20:52.317Z"}
{"level":"info","message":"WebSocket connection established","module":"websocket","timestamp":"2025-09-01T13:20:52.323Z"}
{"extra":{"type":"meta_event"},"level":"warn","message":"Unknown message type","module":"websocket","timestamp":"2025-09-01T13:20:52.324Z"}
{"extra":{},"level":"warn","message":"Unknown message type","module":"websocket","timestamp":"2025-09-01T13:20:53.435Z"}
{"extra":{"type":"meta_event"},"level":"warn","message":"Unknown message type","module":"websocket","timestamp":"2025-09-01T13:21:17.347Z"}
{"extra":{"type":"meta_event"},"level":"warn","message":"Unknown message type","module":"websocket","timestamp":"2025-09-01T13:21:47.347Z"}
{"extra":{"type":"meta_event"},"level":"warn","message":"Unknown message type","module":"websocket","timestamp":"2025-09-01T13:22:17.348Z"}
{"extra":{"type":"meta_event"},"level":"warn","message":"Unknown message type","module":"websocket","timestamp":"2025-09-01T13:22:47.349Z"}
{"extra":{"type":"meta_event"},"level":"warn","message":"Unknown message type","module":"websocket","timestamp":"2025-09-01T13:23:17.350Z"}
{"level":"info","message":"WebSocket connection manually closed","module":"websocket","timestamp":"2025-09-01T13:23:20.188Z"}
{"extra":{"code":1005,"reason":""},"level":"warn","message":"WebSocket connection closed","module":"websocket","timestamp":"2025-09-01T13:23:20.191Z"}
{"level":"info","message":"Connecting to WebSocket: ws://127.0.0.1:3001?access_token=w@123456","module":"websocket","timestamp":"2025-09-01T13:25:43.763Z"}
{"level":"info","message":"WebSocket connection established","module":"websocket","timestamp":"2025-09-01T13:25:43.770Z"}
{"extra":{"type":"meta_event"},"level":"warn","message":"Unknown message type","module":"websocket","timestamp":"2025-09-01T13:25:43.772Z"}
{"extra":{},"level":"warn","message":"Unknown message type","module":"websocket","timestamp":"2025-09-01T13:25:44.883Z"}
{"extra":{"type":"meta_event"},"level":"warn","message":"Unknown message type","module":"websocket","timestamp":"2025-09-01T13:25:47.352Z"}
{"extra":{"type":"meta_event"},"level":"warn","message":"Unknown message type","module":"websocket","timestamp":"2025-09-01T13:26:17.353Z"}
{"extra":{"type":"meta_event"},"level":"warn","message":"Unknown message type","module":"websocket","timestamp":"2025-09-01T13:26:47.355Z"}
{"level":"info","message":"Connecting to WebSocket: ws://127.0.0.1:3001?access_token=w@123456","module":"websocket","timestamp":"2025-09-01T13:31:30.239Z"}
{"level":"info","message":"WebSocket connection established","module":"websocket","timestamp":"2025-09-01T13:31:30.244Z"}
{"extra":{"type":"meta_event"},"level":"warn","message":"Unknown message type","module":"websocket","timestamp":"2025-09-01T13:31:30.245Z"}
{"extra":{},"level":"warn","message":"Unknown message type","module":"websocket","timestamp":"2025-09-01T13:31:31.339Z"}
{"extra":{"type":"meta_event"},"level":"warn","message":"Unknown message type","module":"websocket","timestamp":"2025-09-01T13:31:47.360Z"}
{"extra":{"type":"meta_event"},"level":"warn","message":"Unknown message type","module":"websocket","timestamp":"2025-09-01T13:32:17.361Z"}
{"level":"info","message":"WebSocket connection manually closed","module":"websocket","timestamp":"2025-09-01T13:32:26.180Z"}
{"level":"info","message":"Connecting to WebSocket: ws://127.0.0.1:3001?access_token=w@123456","module":"websocket","timestamp":"2025-09-01T13:35:44.118Z"}
{"level":"info","message":"WebSocket connection established","module":"websocket","timestamp":"2025-09-01T13:35:44.123Z"}
{"extra":{"type":"meta_event"},"level":"warn","message":"Unknown message type","module":"websocket","timestamp":"2025-09-01T13:35:44.124Z"}
{"extra":{},"level":"warn","message":"Unknown message type","module":"websocket","timestamp":"2025-09-01T13:35:45.215Z"}
{"extra":{"type":"meta_event"},"level":"warn","message":"Unknown message type","module":"websocket","timestamp":"2025-09-01T13:35:47.367Z"}
{"extra":{"type":"meta_event"},"level":"warn","message":"Unknown message type","module":"websocket","timestamp":"2025-09-01T13:36:17.366Z"}
{"extra":{"type":"meta_event"},"level":"warn","message":"Unknown message type","module":"websocket","timestamp":"2025-09-01T13:36:47.366Z"}
{"extra":{"type":"meta_event"},"level":"warn","message":"Unknown message type","module":"websocket","timestamp":"2025-09-01T13:37:17.368Z"}
{"extra":{"type":"meta_event"},"level":"warn","message":"Unknown message type","module":"websocket","timestamp":"2025-09-01T13:37:47.367Z"}
{"level":"info","message":"WebSocket connection manually closed","module":"websocket","timestamp":"2025-09-01T13:38:16.829Z"}
{"extra":{"code":1005,"reason":""},"level":"warn","message":"WebSocket connection closed","module":"websocket","timestamp":"2025-09-01T13:38:16.831Z"}
{"level":"info","message":"WebSocket connection manually closed","module":"websocket","timestamp":"2025-09-01T13:38:48.440Z"}
{"level":"info","message":"Connecting to WebSocket: ws://127.0.0.1:3001?access_token=w@123456","module":"websocket","timestamp":"2025-09-01T13:38:50.727Z"}
{"level":"info","message":"WebSocket connection established","module":"websocket","timestamp":"2025-09-01T13:38:50.733Z"}
{"extra":{"type":"meta_event"},"level":"warn","message":"Unknown message type","module":"websocket","timestamp":"2025-09-01T13:38:50.734Z"}
{"extra":{},"level":"warn","message":"Unknown message type","module":"websocket","timestamp":"2025-09-01T13:38:51.849Z"}
{"extra":{"type":"meta_event"},"level":"warn","message":"Unknown message type","module":"websocket","timestamp":"2025-09-01T13:39:17.369Z"}
{"extra":{"type":"meta_event"},"level":"warn","message":"Unknown message type","module":"websocket","timestamp":"2025-09-01T13:39:47.369Z"}
{"extra":{"type":"meta_event"},"level":"warn","message":"Unknown message type","module":"websocket","timestamp":"2025-09-01T13:40:17.370Z"}
{"extra":{"type":"meta_event"},"level":"warn","message":"Unknown message type","module":"websocket","timestamp":"2025-09-01T13:40:47.370Z"}
{"extra":{"type":"meta_event"},"level":"warn","message":"Unknown message type","module":"websocket","timestamp":"2025-09-01T13:41:17.371Z"}
{"extra":{"type":"meta_event"},"level":"warn","message":"Unknown message type","module":"websocket","timestamp":"2025-09-01T13:41:47.371Z"}
{"extra":{"type":"meta_event"},"level":"warn","message":"Unknown message type","module":"websocket","timestamp":"2025-09-01T13:42:17.373Z"}
{"extra":{"type":"meta_event"},"level":"warn","message":"Unknown message type","module":"websocket","timestamp":"2025-09-01T13:42:47.372Z"}
{"extra":{"type":"meta_event"},"level":"warn","message":"Unknown message type","module":"websocket","timestamp":"2025-09-01T13:43:17.373Z"}
{"extra":{"type":"meta_event"},"level":"warn","message":"Unknown message type","module":"websocket","timestamp":"2025-09-01T13:43:47.374Z"}
{"extra":{"type":"meta_event"},"level":"warn","message":"Unknown message type","module":"websocket","timestamp":"2025-09-01T13:44:17.374Z"}
{"extra":{"type":"meta_event"},"level":"warn","message":"Unknown message type","module":"websocket","timestamp":"2025-09-01T13:44:47.375Z"}
{"extra":{"type":"meta_event"},"level":"warn","message":"Unknown message type","module":"websocket","timestamp":"2025-09-01T13:45:17.375Z"}
{"extra":{"type":"meta_event"},"level":"warn","message":"Unknown message type","module":"websocket","timestamp":"2025-09-01T13:45:47.376Z"}
{"extra":{"type":"meta_event"},"level":"warn","message":"Unknown message type","module":"websocket","timestamp":"2025-09-01T13:46:17.376Z"}
{"extra":{"type":"meta_event"},"level":"warn","message":"Unknown message type","module":"websocket","timestamp":"2025-09-01T13:46:47.376Z"}
{"extra":{"type":"meta_event"},"level":"warn","message":"Unknown message type","module":"websocket","timestamp":"2025-09-01T13:47:17.376Z"}
{"extra":{"type":"meta_event"},"level":"warn","message":"Unknown message type","module":"websocket","timestamp":"2025-09-01T13:47:47.377Z"}
{"extra":{"type":"meta_event"},"level":"warn","message":"Unknown message type","module":"websocket","timestamp":"2025-09-01T13:48:17.377Z"}
{"extra":{"type":"meta_event"},"level":"warn","message":"Unknown message type","module":"websocket","timestamp":"2025-09-01T13:48:47.379Z"}
{"extra":{"type":"meta_event"},"level":"warn","message":"Unknown message type","module":"websocket","timestamp":"2025-09-01T13:49:17.379Z"}
{"extra":{"type":"meta_event"},"level":"warn","message":"Unknown message type","module":"websocket","timestamp":"2025-09-01T13:49:47.381Z"}
{"extra":{"type":"meta_event"},"level":"warn","message":"Unknown message type","module":"websocket","timestamp":"2025-09-01T13:50:17.382Z"}
{"extra":{"type":"meta_event"},"level":"warn","message":"Unknown message type","module":"websocket","timestamp":"2025-09-01T13:50:47.382Z"}
{"extra":{"type":"meta_event"},"level":"warn","message":"Unknown message type","module":"websocket","timestamp":"2025-09-01T13:51:17.383Z"}
{"extra":{"type":"meta_event"},"level":"warn","message":"Unknown message type","module":"websocket","timestamp":"2025-09-01T13:51:47.384Z"}
{"extra":{"type":"meta_event"},"level":"warn","message":"Unknown message type","module":"websocket","timestamp":"2025-09-01T13:52:17.383Z"}
{"extra":{"type":"meta_event"},"level":"warn","message":"Unknown message type","module":"websocket","timestamp":"2025-09-01T13:52:47.384Z"}
{"extra":{"type":"meta_event"},"level":"warn","message":"Unknown message type","module":"websocket","timestamp":"2025-09-01T13:53:17.384Z"}
{"extra":{"type":"meta_event"},"level":"warn","message":"Unknown message type","module":"websocket","timestamp":"2025-09-01T13:53:47.385Z"}
{"extra":{"type":"meta_event"},"level":"warn","message":"Unknown message type","module":"websocket","timestamp":"2025-09-01T13:54:17.387Z"}
{"extra":{"type":"meta_event"},"level":"warn","message":"Unknown message type","module":"websocket","timestamp":"2025-09-01T13:54:47.386Z"}
{"extra":{"type":"meta_event"},"level":"warn","message":"Unknown message type","module":"websocket","timestamp":"2025-09-01T13:55:17.386Z"}
{"extra":{"type":"meta_event"},"level":"warn","message":"Unknown message type","module":"websocket","timestamp":"2025-09-01T13:55:47.387Z"}
{"extra":{"type":"meta_event"},"level":"warn","message":"Unknown message type","module":"websocket","timestamp":"2025-09-01T13:56:17.387Z"}
{"extra":{"type":"meta_event"},"level":"warn","message":"Unknown message type","module":"websocket","timestamp":"2025-09-01T13:56:47.388Z"}
{"extra":{"type":"meta_event"},"level":"warn","message":"Unknown message type","module":"websocket","timestamp":"2025-09-01T13:57:17.388Z"}
{"extra":{"type":"meta_event"},"level":"warn","message":"Unknown message type","module":"websocket","timestamp":"2025-09-01T13:57:47.389Z"}
{"extra":{"type":"meta_event"},"level":"warn","message":"Unknown message type","module":"websocket","timestamp":"2025-09-01T13:58:17.389Z"}
{"extra":{"type":"meta_event"},"level":"warn","message":"Unknown message type","module":"websocket","timestamp":"2025-09-01T13:58:47.389Z"}
{"extra":{"type":"meta_event"},"level":"warn","message":"Unknown message type","module":"websocket","timestamp":"2025-09-01T13:59:17.390Z"}
{"extra":{"type":"meta_event"},"level":"warn","message":"Unknown message type","module":"websocket","timestamp":"2025-09-01T13:59:47.390Z"}
{"extra":{"type":"meta_event"},"level":"warn","message":"Unknown message type","module":"websocket","timestamp":"2025-09-01T14:00:17.392Z"}
{"extra":{"type":"meta_event"},"level":"warn","message":"Unknown message type","module":"websocket","timestamp":"2025-09-01T14:00:47.393Z"}
{"extra":{"type":"meta_event"},"level":"warn","message":"Unknown message type","module":"websocket","timestamp":"2025-09-01T14:01:17.394Z"}
{"extra":{"type":"meta_event"},"level":"warn","message":"Unknown message type","module":"websocket","timestamp":"2025-09-01T14:01:47.395Z"}
{"extra":{"type":"meta_event"},"level":"warn","message":"Unknown message type","module":"websocket","timestamp":"2025-09-01T14:02:17.395Z"}
{"extra":{"type":"meta_event"},"level":"warn","message":"Unknown message type","module":"websocket","timestamp":"2025-09-01T14:02:47.397Z"}
{"extra":{"type":"meta_event"},"level":"warn","message":"Unknown message type","module":"websocket","timestamp":"2025-09-01T14:03:17.397Z"}
{"extra":{"type":"meta_event"},"level":"warn","message":"Unknown message type","module":"websocket","timestamp":"2025-09-01T14:03:47.399Z"}
{"extra":{"type":"meta_event"},"level":"warn","message":"Unknown message type","module":"websocket","timestamp":"2025-09-01T14:04:17.399Z"}
{"extra":{"type":"meta_event"},"level":"warn","message":"Unknown message type","module":"websocket","timestamp":"2025-09-01T14:04:47.399Z"}
{"extra":{"type":"meta_event"},"level":"warn","message":"Unknown message type","module":"websocket","timestamp":"2025-09-01T14:05:17.400Z"}
{"extra":{"type":"meta_event"},"level":"warn","message":"Unknown message type","module":"websocket","timestamp":"2025-09-01T14:05:47.401Z"}
{"extra":{"type":"meta_event"},"level":"warn","message":"Unknown message type","module":"websocket","timestamp":"2025-09-01T14:06:17.402Z"}
{"extra":{"type":"meta_event"},"level":"warn","message":"Unknown message type","module":"websocket","timestamp":"2025-09-01T14:06:47.401Z"}
{"extra":{"type":"meta_event"},"level":"warn","message":"Unknown message type","module":"websocket","timestamp":"2025-09-01T14:07:17.403Z"}
{"extra":{"type":"meta_event"},"level":"warn","message":"Unknown message type","module":"websocket","timestamp":"2025-09-01T14:07:47.403Z"}
{"extra":{"type":"meta_event"},"level":"warn","message":"Unknown message type","module":"websocket","timestamp":"2025-09-01T14:08:17.404Z"}
{"extra":{"type":"meta_event"},"level":"warn","message":"Unknown message type","module":"websocket","timestamp":"2025-09-01T14:08:47.405Z"}
{"extra":{"type":"meta_event"},"level":"warn","message":"Unknown message type","module":"websocket","timestamp":"2025-09-01T14:09:17.405Z"}
{"extra":{"type":"meta_event"},"level":"warn","message":"Unknown message type","module":"websocket","timestamp":"2025-09-01T14:09:47.405Z"}
{"extra":{"type":"meta_event"},"level":"warn","message":"Unknown message type","module":"websocket","timestamp":"2025-09-01T14:10:17.407Z"}
{"extra":{"type":"meta_event"},"level":"warn","message":"Unknown message type","module":"websocket","timestamp":"2025-09-01T14:10:47.407Z"}
{"extra":{"type":"meta_event"},"level":"warn","message":"Unknown message type","module":"websocket","timestamp":"2025-09-01T14:11:17.409Z"}
{"extra":{"type":"meta_event"},"level":"warn","message":"Unknown message type","module":"websocket","timestamp":"2025-09-01T14:11:47.409Z"}
{"extra":{"type":"meta_event"},"level":"warn","message":"Unknown message type","module":"websocket","timestamp":"2025-09-01T14:12:17.409Z"}
{"extra":{"type":"meta_event"},"level":"warn","message":"Unknown message type","module":"websocket","timestamp":"2025-09-01T14:12:47.411Z"}
{"extra":{"type":"meta_event"},"level":"warn","message":"Unknown message type","module":"websocket","timestamp":"2025-09-01T14:13:17.412Z"}
{"extra":{"type":"meta_event"},"level":"warn","message":"Unknown message type","module":"websocket","timestamp":"2025-09-01T14:13:47.412Z"}
{"extra":{"type":"meta_event"},"level":"warn","message":"Unknown message type","module":"websocket","timestamp":"2025-09-01T14:14:17.413Z"}
{"extra":{"type":"meta_event"},"level":"warn","message":"Unknown message type","module":"websocket","timestamp":"2025-09-01T14:14:47.413Z"}
{"extra":{"type":"meta_event"},"level":"warn","message":"Unknown message type","module":"websocket","timestamp":"2025-09-01T14:15:17.414Z"}
{"extra":{"type":"meta_event"},"level":"warn","message":"Unknown message type","module":"websocket","timestamp":"2025-09-01T14:15:47.415Z"}
{"extra":{"type":"meta_event"},"level":"warn","message":"Unknown message type","module":"websocket","timestamp":"2025-09-01T14:16:17.417Z"}
{"extra":{"type":"meta_event"},"level":"warn","message":"Unknown message type","module":"websocket","timestamp":"2025-09-01T14:16:47.418Z"}
{"extra":{"type":"meta_event"},"level":"warn","message":"Unknown message type","module":"websocket","timestamp":"2025-09-01T14:17:17.420Z"}
{"extra":{"type":"meta_event"},"level":"warn","message":"Unknown message type","module":"websocket","timestamp":"2025-09-01T14:17:47.420Z"}
{"extra":{"type":"meta_event"},"level":"warn","message":"Unknown message type","module":"websocket","timestamp":"2025-09-01T14:18:17.420Z"}
{"extra":{"type":"meta_event"},"level":"warn","message":"Unknown message type","module":"websocket","timestamp":"2025-09-01T14:18:47.421Z"}
{"extra":{"type":"meta_event"},"level":"warn","message":"Unknown message type","module":"websocket","timestamp":"2025-09-01T14:19:17.421Z"}
{"extra":{"type":"meta_event"},"level":"warn","message":"Unknown message type","module":"websocket","timestamp":"2025-09-01T14:19:47.423Z"}
{"extra":{"type":"meta_event"},"level":"warn","message":"Unknown message type","module":"websocket","timestamp":"2025-09-01T14:20:17.424Z"}
{"extra":{"type":"meta_event"},"level":"warn","message":"Unknown message type","module":"websocket","timestamp":"2025-09-01T14:20:47.423Z"}
{"extra":{"type":"meta_event"},"level":"warn","message":"Unknown message type","module":"websocket","timestamp":"2025-09-01T14:21:17.424Z"}
{"extra":{"type":"meta_event"},"level":"warn","message":"Unknown message type","module":"websocket","timestamp":"2025-09-01T14:21:47.425Z"}
{"extra":{"type":"meta_event"},"level":"warn","message":"Unknown message type","module":"websocket","timestamp":"2025-09-01T14:22:17.428Z"}
{"extra":{"type":"meta_event"},"level":"warn","message":"Unknown message type","module":"websocket","timestamp":"2025-09-01T14:22:47.427Z"}
{"extra":{"type":"meta_event"},"level":"warn","message":"Unknown message type","module":"websocket","timestamp":"2025-09-01T14:23:17.429Z"}
{"extra":{"type":"meta_event"},"level":"warn","message":"Unknown message type","module":"websocket","timestamp":"2025-09-01T14:23:47.428Z"}
{"extra":{"type":"meta_event"},"level":"warn","message":"Unknown message type","module":"websocket","timestamp":"2025-09-01T14:24:17.429Z"}
{"extra":{"type":"meta_event"},"level":"warn","message":"Unknown message type","module":"websocket","timestamp":"2025-09-01T14:24:47.429Z"}
{"extra":{"type":"meta_event"},"level":"warn","message":"Unknown message type","module":"websocket","timestamp":"2025-09-01T14:25:17.429Z"}
{"extra":{"type":"meta_event"},"level":"warn","message":"Unknown message type","module":"websocket","timestamp":"2025-09-01T14:25:47.429Z"}
{"extra":{"type":"meta_event"},"level":"warn","message":"Unknown message type","module":"websocket","timestamp":"2025-09-01T14:26:17.430Z"}
{"extra":{"type":"meta_event"},"level":"warn","message":"Unknown message type","module":"websocket","timestamp":"2025-09-01T14:26:47.432Z"}
{"extra":{"type":"meta_event"},"level":"warn","message":"Unknown message type","module":"websocket","timestamp":"2025-09-01T14:27:17.433Z"}
{"extra":{"type":"meta_event"},"level":"warn","message":"Unknown message type","module":"websocket","timestamp":"2025-09-01T14:27:47.435Z"}
{"extra":{"type":"meta_event"},"level":"warn","message":"Unknown message type","module":"websocket","timestamp":"2025-09-01T14:28:17.435Z"}
{"extra":{"type":"meta_event"},"level":"warn","message":"Unknown message type","module":"websocket","timestamp":"2025-09-01T14:28:47.438Z"}
{"extra":{"type":"meta_event"},"level":"warn","message":"Unknown message type","module":"websocket","timestamp":"2025-09-01T14:29:17.438Z"}
{"extra":{"type":"meta_event"},"level":"warn","message":"Unknown message type","module":"websocket","timestamp":"2025-09-01T14:29:47.439Z"}
{"extra":{"type":"meta_event"},"level":"warn","message":"Unknown message type","module":"websocket","timestamp":"2025-09-01T14:30:17.439Z"}
{"extra":{"type":"meta_event"},"level":"warn","message":"Unknown message type","module":"websocket","timestamp":"2025-09-01T14:30:47.440Z"}
{"extra":{"type":"meta_event"},"level":"warn","message":"Unknown message type","module":"websocket","timestamp":"2025-09-01T14:31:17.441Z"}
{"extra":{"type":"meta_event"},"level":"warn","message":"Unknown message type","module":"websocket","timestamp":"2025-09-01T14:31:47.442Z"}
{"extra":{"type":"meta_event"},"level":"warn","message":"Unknown message type","module":"websocket","timestamp":"2025-09-01T14:32:17.444Z"}
{"extra":{"type":"meta_event"},"level":"warn","message":"Unknown message type","module":"websocket","timestamp":"2025-09-01T14:32:47.445Z"}
{"extra":{"type":"meta_event"},"level":"warn","message":"Unknown message type","module":"websocket","timestamp":"2025-09-01T14:33:17.446Z"}
{"extra":{"type":"meta_event"},"level":"warn","message":"Unknown message type","module":"websocket","timestamp":"2025-09-01T14:33:47.447Z"}
{"extra":{"type":"meta_event"},"level":"warn","message":"Unknown message type","module":"websocket","timestamp":"2025-09-01T14:34:17.447Z"}
{"extra":{"type":"meta_event"},"level":"warn","message":"Unknown message type","module":"websocket","timestamp":"2025-09-01T14:34:47.448Z"}
{"extra":{"type":"meta_event"},"level":"warn","message":"Unknown message type","module":"websocket","timestamp":"2025-09-01T14:35:17.449Z"}
{"extra":{"type":"meta_event"},"level":"warn","message":"Unknown message type","module":"websocket","timestamp":"2025-09-01T14:35:47.449Z"}
{"extra":{"type":"meta_event"},"level":"warn","message":"Unknown message type","module":"websocket","timestamp":"2025-09-01T14:36:17.449Z"}
{"extra":{"type":"meta_event"},"level":"warn","message":"Unknown message type","module":"websocket","timestamp":"2025-09-01T14:36:47.450Z"}
{"extra":{"type":"meta_event"},"level":"warn","message":"Unknown message type","module":"websocket","timestamp":"2025-09-01T14:37:17.450Z"}
{"extra":{"type":"meta_event"},"level":"warn","message":"Unknown message type","module":"websocket","timestamp":"2025-09-01T14:37:47.450Z"}
{"extra":{"type":"meta_event"},"level":"warn","message":"Unknown message type","module":"websocket","timestamp":"2025-09-01T14:38:17.451Z"}
{"extra":{"type":"meta_event"},"level":"warn","message":"Unknown message type","module":"websocket","timestamp":"2025-09-01T14:38:47.452Z"}
{"extra":{"type":"meta_event"},"level":"warn","message":"Unknown message type","module":"websocket","timestamp":"2025-09-01T14:39:17.452Z"}
{"extra":{"type":"meta_event"},"level":"warn","message":"Unknown message type","module":"websocket","timestamp":"2025-09-01T14:39:47.452Z"}
{"extra":{"type":"meta_event"},"level":"warn","message":"Unknown message type","module":"websocket","timestamp":"2025-09-01T14:40:17.452Z"}
{"extra":{"type":"meta_event"},"level":"warn","message":"Unknown message type","module":"websocket","timestamp":"2025-09-01T14:40:47.454Z"}
{"extra":{"type":"meta_event"},"level":"warn","message":"Unknown message type","module":"websocket","timestamp":"2025-09-01T14:41:17.454Z"}
{"extra":{"type":"meta_event"},"level":"warn","message":"Unknown message type","module":"websocket","timestamp":"2025-09-01T14:41:47.453Z"}
{"extra":{"type":"meta_event"},"level":"warn","message":"Unknown message type","module":"websocket","timestamp":"2025-09-01T14:42:17.454Z"}
{"extra":{"type":"meta_event"},"level":"warn","message":"Unknown message type","module":"websocket","timestamp":"2025-09-01T14:42:47.455Z"}
{"extra":{"type":"meta_event"},"level":"warn","message":"Unknown message type","module":"websocket","timestamp":"2025-09-01T14:43:17.455Z"}
{"extra":{"type":"meta_event"},"level":"warn","message":"Unknown message type","module":"websocket","timestamp":"2025-09-01T14:43:47.457Z"}
{"extra":{"type":"meta_event"},"level":"warn","message":"Unknown message type","module":"websocket","timestamp":"2025-09-01T14:44:17.457Z"}
{"extra":{"type":"meta_event"},"level":"warn","message":"Unknown message type","module":"websocket","timestamp":"2025-09-01T14:44:47.460Z"}
{"extra":{"type":"meta_event"},"level":"warn","message":"Unknown message type","module":"websocket","timestamp":"2025-09-01T14:45:17.461Z"}
{"extra":{"type":"meta_event"},"level":"warn","message":"Unknown message type","module":"websocket","timestamp":"2025-09-01T14:45:47.462Z"}
{"extra":{"type":"meta_event"},"level":"warn","message":"Unknown message type","module":"websocket","timestamp":"2025-09-01T14:46:17.462Z"}
{"extra":{"type":"meta_event"},"level":"warn","message":"Unknown message type","module":"websocket","timestamp":"2025-09-01T14:46:47.464Z"}
{"extra":{"type":"meta_event"},"level":"warn","message":"Unknown message type","module":"websocket","timestamp":"2025-09-01T14:47:17.463Z"}
{"extra":{"type":"meta_event"},"level":"warn","message":"Unknown message type","module":"websocket","timestamp":"2025-09-01T14:47:47.463Z"}
{"extra":{"type":"meta_event"},"level":"warn","message":"Unknown message type","module":"websocket","timestamp":"2025-09-01T14:48:17.465Z"}
{"extra":{"type":"meta_event"},"level":"warn","message":"Unknown message type","module":"websocket","timestamp":"2025-09-01T14:48:47.465Z"}
{"extra":{"type":"meta_event"},"level":"warn","message":"Unknown message type","module":"websocket","timestamp":"2025-09-01T14:49:17.466Z"}
{"extra":{"type":"meta_event"},"level":"warn","message":"Unknown message type","module":"websocket","timestamp":"2025-09-01T14:49:47.467Z"}
{"extra":{"type":"meta_event"},"level":"warn","message":"Unknown message type","module":"websocket","timestamp":"2025-09-01T14:50:17.468Z"}
{"extra":{"type":"meta_event"},"level":"warn","message":"Unknown message type","module":"websocket","timestamp":"2025-09-01T14:50:47.469Z"}
{"extra":{"type":"meta_event"},"level":"warn","message":"Unknown message type","module":"websocket","timestamp":"2025-09-01T14:51:17.469Z"}
{"extra":{"type":"meta_event"},"level":"warn","message":"Unknown message type","module":"websocket","timestamp":"2025-09-01T14:51:47.470Z"}
{"extra":{"type":"meta_event"},"level":"warn","message":"Unknown message type","module":"websocket","timestamp":"2025-09-01T14:52:17.470Z"}
{"extra":{"type":"meta_event"},"level":"warn","message":"Unknown message type","module":"websocket","timestamp":"2025-09-01T14:52:47.472Z"}
{"extra":{"type":"meta_event"},"level":"warn","message":"Unknown message type","module":"websocket","timestamp":"2025-09-01T14:53:17.472Z"}
{"extra":{"type":"meta_event"},"level":"warn","message":"Unknown message type","module":"websocket","timestamp":"2025-09-01T14:53:47.473Z"}
{"extra":{"type":"meta_event"},"level":"warn","message":"Unknown message type","module":"websocket","timestamp":"2025-09-01T14:54:17.473Z"}
{"extra":{"type":"meta_event"},"level":"warn","message":"Unknown message type","module":"websocket","timestamp":"2025-09-01T14:54:47.474Z"}
{"extra":{"type":"meta_event"},"level":"warn","message":"Unknown message type","module":"websocket","timestamp":"2025-09-01T14:55:17.474Z"}
{"extra":{"type":"meta_event"},"level":"warn","message":"Unknown message type","module":"websocket","timestamp":"2025-09-01T14:55:47.474Z"}
{"extra":{"type":"meta_event"},"level":"warn","message":"Unknown message type","module":"websocket","timestamp":"2025-09-01T14:56:17.474Z"}
{"extra":{"type":"meta_event"},"level":"warn","message":"Unknown message type","module":"websocket","timestamp":"2025-09-01T14:56:47.476Z"}
{"extra":{"type":"meta_event"},"level":"warn","message":"Unknown message type","module":"websocket","timestamp":"2025-09-01T14:57:17.476Z"}
{"extra":{"type":"meta_event"},"level":"warn","message":"Unknown message type","module":"websocket","timestamp":"2025-09-01T14:57:47.476Z"}
{"extra":{"type":"meta_event"},"level":"warn","message":"Unknown message type","module":"websocket","timestamp":"2025-09-01T14:58:17.477Z"}
{"extra":{"type":"meta_event"},"level":"warn","message":"Unknown message type","module":"websocket","timestamp":"2025-09-01T14:58:47.479Z"}
{"extra":{"type":"meta_event"},"level":"warn","message":"Unknown message type","module":"websocket","timestamp":"2025-09-01T14:59:17.479Z"}
{"extra":{"type":"meta_event"},"level":"warn","message":"Unknown message type","module":"websocket","timestamp":"2025-09-01T14:59:47.480Z"}
{"extra":{"type":"meta_event"},"level":"warn","message":"Unknown message type","module":"websocket","timestamp":"2025-09-01T15:00:17.481Z"}
{"extra":{"type":"meta_event"},"level":"warn","message":"Unknown message type","module":"websocket","timestamp":"2025-09-01T15:00:47.481Z"}
{"extra":{"type":"meta_event"},"level":"warn","message":"Unknown message type","module":"websocket","timestamp":"2025-09-01T15:01:17.481Z"}
{"extra":{"type":"meta_event"},"level":"warn","message":"Unknown message type","module":"websocket","timestamp":"2025-09-01T15:01:47.482Z"}
{"extra":{"type":"meta_event"},"level":"warn","message":"Unknown message type","module":"websocket","timestamp":"2025-09-01T15:02:17.484Z"}
{"extra":{"type":"meta_event"},"level":"warn","message":"Unknown message type","module":"websocket","timestamp":"2025-09-01T15:02:47.483Z"}
{"extra":{"type":"meta_event"},"level":"warn","message":"Unknown message type","module":"websocket","timestamp":"2025-09-01T15:03:17.484Z"}
{"extra":{"type":"meta_event"},"level":"warn","message":"Unknown message type","module":"websocket","timestamp":"2025-09-01T15:03:47.485Z"}
{"extra":{"type":"meta_event"},"level":"warn","message":"Unknown message type","module":"websocket","timestamp":"2025-09-01T15:04:17.485Z"}
{"extra":{"type":"meta_event"},"level":"warn","message":"Unknown message type","module":"websocket","timestamp":"2025-09-01T15:04:47.488Z"}
{"extra":{"type":"meta_event"},"level":"warn","message":"Unknown message type","module":"websocket","timestamp":"2025-09-01T15:05:17.487Z"}
{"extra":{"type":"meta_event"},"level":"warn","message":"Unknown message type","module":"websocket","timestamp":"2025-09-01T15:05:47.488Z"}
{"extra":{"type":"meta_event"},"level":"warn","message":"Unknown message type","module":"websocket","timestamp":"2025-09-01T15:06:17.488Z"}
{"extra":{"type":"meta_event"},"level":"warn","message":"Unknown message type","module":"websocket","timestamp":"2025-09-01T15:06:47.489Z"}
{"extra":{"type":"meta_event"},"level":"warn","message":"Unknown message type","module":"websocket","timestamp":"2025-09-01T15:07:17.489Z"}
{"extra":{"type":"meta_event"},"level":"warn","message":"Unknown message type","module":"websocket","timestamp":"2025-09-01T15:07:47.489Z"}
{"extra":{"type":"meta_event"},"level":"warn","message":"Unknown message type","module":"websocket","timestamp":"2025-09-01T15:08:17.489Z"}
{"extra":{"type":"meta_event"},"level":"warn","message":"Unknown message type","module":"websocket","timestamp":"2025-09-01T15:08:47.489Z"}
{"extra":{"type":"meta_event"},"level":"warn","message":"Unknown message type","module":"websocket","timestamp":"2025-09-01T15:09:17.489Z"}
{"extra":{"type":"meta_event"},"level":"warn","message":"Unknown message type","module":"websocket","timestamp":"2025-09-01T15:09:47.490Z"}
{"extra":{"type":"meta_event"},"level":"warn","message":"Unknown message type","module":"websocket","timestamp":"2025-09-01T15:10:17.490Z"}
{"extra":{"type":"meta_event"},"level":"warn","message":"Unknown message type","module":"websocket","timestamp":"2025-09-01T15:10:47.491Z"}
{"extra":{"type":"meta_event"},"level":"warn","message":"Unknown message type","module":"websocket","timestamp":"2025-09-01T15:11:17.492Z"}
{"extra":{"type":"meta_event"},"level":"warn","message":"Unknown message type","module":"websocket","timestamp":"2025-09-01T15:11:47.491Z"}
{"extra":{"type":"meta_event"},"level":"warn","message":"Unknown message type","module":"websocket","timestamp":"2025-09-01T15:12:17.492Z"}
{"extra":{"type":"meta_event"},"level":"warn","message":"Unknown message type","module":"websocket","timestamp":"2025-09-01T15:12:47.493Z"}
{"extra":{"type":"meta_event"},"level":"warn","message":"Unknown message type","module":"websocket","timestamp":"2025-09-01T15:13:17.493Z"}
{"extra":{"type":"meta_event"},"level":"warn","message":"Unknown message type","module":"websocket","timestamp":"2025-09-01T15:13:47.493Z"}
{"extra":{"type":"meta_event"},"level":"warn","message":"Unknown message type","module":"websocket","timestamp":"2025-09-01T15:14:17.492Z"}
{"extra":{"type":"meta_event"},"level":"warn","message":"Unknown message type","module":"websocket","timestamp":"2025-09-01T15:14:47.494Z"}
{"extra":{"type":"meta_event"},"level":"warn","message":"Unknown message type","module":"websocket","timestamp":"2025-09-01T15:15:17.495Z"}
{"extra":{"type":"meta_event"},"level":"warn","message":"Unknown message type","module":"websocket","timestamp":"2025-09-01T15:15:47.496Z"}
{"extra":{"type":"meta_event"},"level":"warn","message":"Unknown message type","module":"websocket","timestamp":"2025-09-01T15:16:17.496Z"}
{"extra":{"type":"meta_event"},"level":"warn","message":"Unknown message type","module":"websocket","timestamp":"2025-09-01T15:16:47.497Z"}
{"extra":{"type":"meta_event"},"level":"warn","message":"Unknown message type","module":"websocket","timestamp":"2025-09-01T15:17:17.498Z"}
{"extra":{"type":"meta_event"},"level":"warn","message":"Unknown message type","module":"websocket","timestamp":"2025-09-01T15:17:47.498Z"}
{"extra":{"type":"meta_event"},"level":"warn","message":"Unknown message type","module":"websocket","timestamp":"2025-09-01T15:18:17.498Z"}
{"extra":{"type":"meta_event"},"level":"warn","message":"Unknown message type","module":"websocket","timestamp":"2025-09-01T15:18:47.499Z"}
{"extra":{"type":"meta_event"},"level":"warn","message":"Unknown message type","module":"websocket","timestamp":"2025-09-01T15:19:17.499Z"}
{"extra":{"type":"meta_event"},"level":"warn","message":"Unknown message type","module":"websocket","timestamp":"2025-09-01T15:19:47.500Z"}
{"extra":{"type":"meta_event"},"level":"warn","message":"Unknown message type","module":"websocket","timestamp":"2025-09-01T15:20:17.501Z"}
{"extra":{"type":"meta_event"},"level":"warn","message":"Unknown message type","module":"websocket","timestamp":"2025-09-01T15:20:47.501Z"}
{"extra":{"type":"meta_event"},"level":"warn","message":"Unknown message type","module":"websocket","timestamp":"2025-09-01T15:21:17.501Z"}
{"extra":{"type":"meta_event"},"level":"warn","message":"Unknown message type","module":"websocket","timestamp":"2025-09-01T15:21:47.502Z"}
{"extra":{"type":"meta_event"},"level":"warn","message":"Unknown message type","module":"websocket","timestamp":"2025-09-01T15:22:17.502Z"}
{"extra":{"type":"meta_event"},"level":"warn","message":"Unknown message type","module":"websocket","timestamp":"2025-09-01T15:22:47.504Z"}
{"extra":{"type":"meta_event"},"level":"warn","message":"Unknown message type","module":"websocket","timestamp":"2025-09-01T15:23:17.505Z"}
{"extra":{"type":"meta_event"},"level":"warn","message":"Unknown message type","module":"websocket","timestamp":"2025-09-01T15:23:47.504Z"}
{"extra":{"type":"meta_event"},"level":"warn","message":"Unknown message type","module":"websocket","timestamp":"2025-09-01T15:24:17.503Z"}
{"extra":{"type":"meta_event"},"level":"warn","message":"Unknown message type","module":"websocket","timestamp":"2025-09-01T15:24:47.504Z"}
{"extra":{"type":"meta_event"},"level":"warn","message":"Unknown message type","module":"websocket","timestamp":"2025-09-01T15:25:17.504Z"}
{"extra":{"type":"meta_event"},"level":"warn","message":"Unknown message type","module":"websocket","timestamp":"2025-09-01T15:25:47.506Z"}
{"extra":{"type":"meta_event"},"level":"warn","message":"Unknown message type","module":"websocket","timestamp":"2025-09-01T15:26:17.505Z"}
{"extra":{"type":"meta_event"},"level":"warn","message":"Unknown message type","module":"websocket","timestamp":"2025-09-01T15:26:47.506Z"}
{"extra":{"type":"meta_event"},"level":"warn","message":"Unknown message type","module":"websocket","timestamp":"2025-09-01T15:27:17.506Z"}
{"extra":{"type":"meta_event"},"level":"warn","message":"Unknown message type","module":"websocket","timestamp":"2025-09-01T15:27:47.507Z"}
{"extra":{"type":"meta_event"},"level":"warn","message":"Unknown message type","module":"websocket","timestamp":"2025-09-01T15:28:17.508Z"}
{"extra":{"type":"meta_event"},"level":"warn","message":"Unknown message type","module":"websocket","timestamp":"2025-09-01T15:28:47.510Z"}
{"extra":{"type":"meta_event"},"level":"warn","message":"Unknown message type","module":"websocket","timestamp":"2025-09-01T15:29:17.510Z"}
{"level":"info","message":"WebSocket connection manually closed","module":"websocket","timestamp":"2025-09-01T15:29:27.111Z"}
{"extra":{"code":1005,"reason":""},"level":"warn","message":"WebSocket connection closed","module":"websocket","timestamp":"2025-09-01T15:29:27.119Z"}
{"level":"info","message":"Connecting to WebSocket: ws://127.0.0.1:3001?access_token=w@123456","module":"websocket","timestamp":"2025-09-01T15:29:27.573Z"}
{"level":"info","message":"WebSocket connection established","module":"websocket","timestamp":"2025-09-01T15:29:27.583Z"}
{"extra":{"type":"meta_event"},"level":"warn","message":"Unknown message type","module":"websocket","timestamp":"2025-09-01T15:29:27.584Z"}
{"extra":{},"level":"warn","message":"Unknown message type","module":"websocket","timestamp":"2025-09-01T15:29:28.731Z"}
{"extra":{"type":"meta_event"},"level":"warn","message":"Unknown message type","module":"websocket","timestamp":"2025-09-01T15:29:47.511Z"}
{"extra":{},"level":"warn","message":"Unknown message type","module":"websocket","timestamp":"2025-09-01T15:30:00.780Z"}
{"extra":{"type":"meta_event"},"level":"warn","message":"Unknown message type","module":"websocket","timestamp":"2025-09-01T15:30:17.512Z"}
{"extra":{"type":"meta_event"},"level":"warn","message":"Unknown message type","module":"websocket","timestamp":"2025-09-01T15:30:47.513Z"}
{"extra":{"type":"meta_event"},"level":"warn","message":"Unknown message type","module":"websocket","timestamp":"2025-09-01T15:31:17.513Z"}
{"level":"info","message":"WebSocket connection manually closed","module":"websocket","timestamp":"2025-09-01T15:31:44.457Z"}
{"extra":{"code":1005,"reason":""},"level":"warn","message":"WebSocket connection closed","module":"websocket","timestamp":"2025-09-01T15:31:44.459Z"}
{"level":"info","message":"Connecting to WebSocket: ws://127.0.0.1:3001?access_token=w@123456","module":"websocket","timestamp":"2025-09-01T15:31:44.976Z"}
{"level":"info","message":"WebSocket connection established","module":"websocket","timestamp":"2025-09-01T15:31:44.983Z"}
{"extra":{"type":"meta_event"},"level":"warn","message":"Unknown message type","module":"websocket","timestamp":"2025-09-01T15:31:44.984Z"}
{"extra":{},"level":"warn","message":"Unknown message type","module":"websocket","timestamp":"2025-09-01T15:31:46.107Z"}
{"extra":{"type":"meta_event"},"level":"warn","message":"Unknown message type","module":"websocket","timestamp":"2025-09-01T15:31:47.514Z"}
{"extra":{"type":"meta_event"},"level":"warn","message":"Unknown message type","module":"websocket","timestamp":"2025-09-01T15:32:17.515Z"}
{"extra":{"type":"meta_event"},"level":"warn","message":"Unknown message type","module":"websocket","timestamp":"2025-09-01T15:32:47.516Z"}
{"extra":{"type":"meta_event"},"level":"warn","message":"Unknown message type","module":"websocket","timestamp":"2025-09-01T15:33:17.517Z"}
{"extra":{"type":"meta_event"},"level":"warn","message":"Unknown message type","module":"websocket","timestamp":"2025-09-01T15:33:47.517Z"}
{"extra":{"type":"meta_event"},"level":"warn","message":"Unknown message type","module":"websocket","timestamp":"2025-09-01T15:34:17.519Z"}
{"extra":{},"level":"warn","message":"Unknown message type","module":"websocket","timestamp":"2025-09-01T15:34:18.399Z"}
{"extra":{"type":"meta_event"},"level":"warn","message":"Unknown message type","module":"websocket","timestamp":"2025-09-01T15:34:47.519Z"}
{"level":"info","message":"WebSocket connection manually closed","module":"websocket","timestamp":"2025-09-01T15:35:07.772Z"}
{"extra":{"code":1005,"reason":""},"level":"warn","message":"WebSocket connection closed","module":"websocket","timestamp":"2025-09-01T15:35:07.774Z"}
{"level":"info","message":"WebSocket connection manually closed","module":"websocket","timestamp":"2025-09-01T15:35:41.168Z"}
{"level":"info","message":"Connecting to WebSocket: ws://127.0.0.1:3001?access_token=w@123456","module":"websocket","timestamp":"2025-09-01T15:35:41.696Z"}
{"level":"info","message":"WebSocket connection established","module":"websocket","timestamp":"2025-09-01T15:35:41.702Z"}
{"extra":{"type":"meta_event"},"level":"warn","message":"Unknown message type","module":"websocket","timestamp":"2025-09-01T15:35:41.703Z"}
{"extra":{"action":"send_private_msg","params":{"message":"🎉 QQ智能机器人启动成功！\n\n📊 系统状态:\n✅ 数据库连接: 正常\n✅ WebSocket连接: 正常  \n✅ HTTP服务器: 正常\n✅ AI服务: 正常\n\n🤖 机器人信息:\n• QQ号: 1129974489\n• AI模型: gemini-2.0-flash-exp\n• 启动时间: 2025/9/1 23:35:42\n\n💡 功能说明:\n• 智能对话: 直接发送消息进行对话\n• 需求管理: 描述开发需求，机器人会智能识别并处理\n• 群聊管理: 支持群聊AI回复功能\n\n您现在可以开始与我对话了！","user_id":85178516}},"level":"info","message":"Message sent to OneBot server","module":"websocket","timestamp":"2025-09-01T15:35:42.716Z"}
{"extra":{},"level":"warn","message":"Unknown message type","module":"websocket","timestamp":"2025-09-01T15:35:42.793Z"}
{"extra":{"type":"meta_event"},"level":"warn","message":"Unknown message type","module":"websocket","timestamp":"2025-09-01T15:35:47.520Z"}
{"extra":{"type":"meta_event"},"level":"warn","message":"Unknown message type","module":"websocket","timestamp":"2025-09-01T15:36:17.520Z"}
{"extra":{"type":"meta_event"},"level":"warn","message":"Unknown message type","module":"websocket","timestamp":"2025-09-01T15:36:47.521Z"}
{"extra":{"type":"meta_event"},"level":"warn","message":"Unknown message type","module":"websocket","timestamp":"2025-09-01T15:37:17.522Z"}
{"extra":{"type":"meta_event"},"level":"warn","message":"Unknown message type","module":"websocket","timestamp":"2025-09-01T15:37:47.522Z"}
{"extra":{"type":"meta_event"},"level":"warn","message":"Unknown message type","module":"websocket","timestamp":"2025-09-01T15:38:17.523Z"}
{"extra":{"type":"meta_event"},"level":"warn","message":"Unknown message type","module":"websocket","timestamp":"2025-09-01T15:38:47.523Z"}
{"extra":{"type":"meta_event"},"level":"warn","message":"Unknown message type","module":"websocket","timestamp":"2025-09-01T15:39:17.523Z"}
{"extra":{"type":"meta_event"},"level":"warn","message":"Unknown message type","module":"websocket","timestamp":"2025-09-01T15:39:47.524Z"}
{"extra":{"type":"meta_event"},"level":"warn","message":"Unknown message type","module":"websocket","timestamp":"2025-09-01T15:40:17.524Z"}
{"extra":{"type":"meta_event"},"level":"warn","message":"Unknown message type","module":"websocket","timestamp":"2025-09-01T15:40:47.525Z"}
{"extra":{"type":"meta_event"},"level":"warn","message":"Unknown message type","module":"websocket","timestamp":"2025-09-01T15:41:17.525Z"}
{"extra":{"type":"meta_event"},"level":"warn","message":"Unknown message type","module":"websocket","timestamp":"2025-09-01T15:41:47.528Z"}
{"extra":{"type":"meta_event"},"level":"warn","message":"Unknown message type","module":"websocket","timestamp":"2025-09-01T15:42:17.529Z"}
{"extra":{"type":"meta_event"},"level":"warn","message":"Unknown message type","module":"websocket","timestamp":"2025-09-01T15:42:47.530Z"}
{"extra":{"type":"meta_event"},"level":"warn","message":"Unknown message type","module":"websocket","timestamp":"2025-09-01T15:43:17.530Z"}
{"extra":{"type":"meta_event"},"level":"warn","message":"Unknown message type","module":"websocket","timestamp":"2025-09-01T15:43:47.530Z"}
{"extra":{"type":"meta_event"},"level":"warn","message":"Unknown message type","module":"websocket","timestamp":"2025-09-01T15:44:17.532Z"}
{"extra":{"type":"meta_event"},"level":"warn","message":"Unknown message type","module":"websocket","timestamp":"2025-09-01T15:44:47.532Z"}
{"extra":{"type":"meta_event"},"level":"warn","message":"Unknown message type","module":"websocket","timestamp":"2025-09-01T15:45:17.533Z"}
{"extra":{"type":"meta_event"},"level":"warn","message":"Unknown message type","module":"websocket","timestamp":"2025-09-01T15:45:47.535Z"}
{"extra":{"type":"meta_event"},"level":"warn","message":"Unknown message type","module":"websocket","timestamp":"2025-09-01T15:46:17.535Z"}
{"extra":{"type":"meta_event"},"level":"warn","message":"Unknown message type","module":"websocket","timestamp":"2025-09-01T15:46:47.536Z"}
{"extra":{"type":"meta_event"},"level":"warn","message":"Unknown message type","module":"websocket","timestamp":"2025-09-01T15:47:17.536Z"}
{"extra":{"type":"meta_event"},"level":"warn","message":"Unknown message type","module":"websocket","timestamp":"2025-09-01T15:47:47.537Z"}
{"extra":{"type":"meta_event"},"level":"warn","message":"Unknown message type","module":"websocket","timestamp":"2025-09-01T15:48:17.537Z"}
{"extra":{"type":"meta_event"},"level":"warn","message":"Unknown message type","module":"websocket","timestamp":"2025-09-01T15:48:47.538Z"}
{"extra":{"type":"meta_event"},"level":"warn","message":"Unknown message type","module":"websocket","timestamp":"2025-09-01T15:49:17.539Z"}
{"extra":{"type":"meta_event"},"level":"warn","message":"Unknown message type","module":"websocket","timestamp":"2025-09-01T15:49:47.540Z"}
{"extra":{"type":"meta_event"},"level":"warn","message":"Unknown message type","module":"websocket","timestamp":"2025-09-01T15:50:17.541Z"}
{"extra":{"type":"meta_event"},"level":"warn","message":"Unknown message type","module":"websocket","timestamp":"2025-09-01T15:50:47.541Z"}
{"extra":{"type":"meta_event"},"level":"warn","message":"Unknown message type","module":"websocket","timestamp":"2025-09-01T15:51:17.541Z"}
{"extra":{"type":"meta_event"},"level":"warn","message":"Unknown message type","module":"websocket","timestamp":"2025-09-01T15:51:47.543Z"}
{"extra":{"type":"meta_event"},"level":"warn","message":"Unknown message type","module":"websocket","timestamp":"2025-09-01T15:52:17.543Z"}
{"extra":{"type":"meta_event"},"level":"warn","message":"Unknown message type","module":"websocket","timestamp":"2025-09-01T15:52:47.543Z"}
{"extra":{"type":"meta_event"},"level":"warn","message":"Unknown message type","module":"websocket","timestamp":"2025-09-01T15:53:17.544Z"}
{"extra":{"type":"meta_event"},"level":"warn","message":"Unknown message type","module":"websocket","timestamp":"2025-09-01T15:53:47.545Z"}
{"extra":{"type":"meta_event"},"level":"warn","message":"Unknown message type","module":"websocket","timestamp":"2025-09-01T15:54:17.546Z"}
{"extra":{"type":"meta_event"},"level":"warn","message":"Unknown message type","module":"websocket","timestamp":"2025-09-01T15:54:47.546Z"}
{"extra":{"type":"meta_event"},"level":"warn","message":"Unknown message type","module":"websocket","timestamp":"2025-09-01T15:55:17.546Z"}
{"extra":{"type":"meta_event"},"level":"warn","message":"Unknown message type","module":"websocket","timestamp":"2025-09-01T15:55:47.547Z"}
{"extra":{"type":"meta_event"},"level":"warn","message":"Unknown message type","module":"websocket","timestamp":"2025-09-01T15:56:17.548Z"}
{"extra":{"type":"meta_event"},"level":"warn","message":"Unknown message type","module":"websocket","timestamp":"2025-09-01T15:56:47.549Z"}
{"extra":{"type":"meta_event"},"level":"warn","message":"Unknown message type","module":"websocket","timestamp":"2025-09-01T15:57:17.549Z"}
{"extra":{"type":"meta_event"},"level":"warn","message":"Unknown message type","module":"websocket","timestamp":"2025-09-01T15:57:47.551Z"}
{"extra":{"type":"meta_event"},"level":"warn","message":"Unknown message type","module":"websocket","timestamp":"2025-09-01T15:58:17.551Z"}
{"extra":{"type":"meta_event"},"level":"warn","message":"Unknown message type","module":"websocket","timestamp":"2025-09-01T15:58:47.552Z"}
{"extra":{"type":"meta_event"},"level":"warn","message":"Unknown message type","module":"websocket","timestamp":"2025-09-01T15:59:17.552Z"}
{"extra":{"type":"meta_event"},"level":"warn","message":"Unknown message type","module":"websocket","timestamp":"2025-09-01T15:59:47.553Z"}
{"extra":{"type":"meta_event"},"level":"warn","message":"Unknown message type","module":"websocket","timestamp":"2025-09-01T16:00:17.552Z"}
{"extra":{"type":"meta_event"},"level":"warn","message":"Unknown message type","module":"websocket","timestamp":"2025-09-01T16:00:47.554Z"}
{"extra":{"type":"meta_event"},"level":"warn","message":"Unknown message type","module":"websocket","timestamp":"2025-09-01T16:01:17.554Z"}
{"extra":{"type":"meta_event"},"level":"warn","message":"Unknown message type","module":"websocket","timestamp":"2025-09-01T16:01:47.556Z"}
{"extra":{"type":"meta_event"},"level":"warn","message":"Unknown message type","module":"websocket","timestamp":"2025-09-01T16:02:17.556Z"}
{"extra":{"type":"meta_event"},"level":"warn","message":"Unknown message type","module":"websocket","timestamp":"2025-09-01T16:02:47.556Z"}
{"extra":{"type":"meta_event"},"level":"warn","message":"Unknown message type","module":"websocket","timestamp":"2025-09-01T16:03:17.556Z"}
{"extra":{"type":"meta_event"},"level":"warn","message":"Unknown message type","module":"websocket","timestamp":"2025-09-01T16:03:47.557Z"}
{"extra":{"type":"meta_event"},"level":"warn","message":"Unknown message type","module":"websocket","timestamp":"2025-09-01T16:04:17.558Z"}
{"extra":{"type":"meta_event"},"level":"warn","message":"Unknown message type","module":"websocket","timestamp":"2025-09-01T16:04:47.558Z"}
{"extra":{"type":"meta_event"},"level":"warn","message":"Unknown message type","module":"websocket","timestamp":"2025-09-01T16:05:17.559Z"}
{"extra":{"type":"meta_event"},"level":"warn","message":"Unknown message type","module":"websocket","timestamp":"2025-09-01T16:05:47.561Z"}
{"extra":{"type":"meta_event"},"level":"warn","message":"Unknown message type","module":"websocket","timestamp":"2025-09-01T16:06:17.562Z"}
{"extra":{"type":"meta_event"},"level":"warn","message":"Unknown message type","module":"websocket","timestamp":"2025-09-01T16:06:47.562Z"}
{"extra":{"type":"meta_event"},"level":"warn","message":"Unknown message type","module":"websocket","timestamp":"2025-09-01T16:07:17.562Z"}
{"extra":{"type":"meta_event"},"level":"warn","message":"Unknown message type","module":"websocket","timestamp":"2025-09-01T16:07:47.562Z"}
{"extra":{"type":"meta_event"},"level":"warn","message":"Unknown message type","module":"websocket","timestamp":"2025-09-01T16:08:17.562Z"}
{"extra":{"type":"meta_event"},"level":"warn","message":"Unknown message type","module":"websocket","timestamp":"2025-09-01T16:08:47.562Z"}
{"extra":{"type":"meta_event"},"level":"warn","message":"Unknown message type","module":"websocket","timestamp":"2025-09-01T16:09:17.563Z"}
{"extra":{"type":"meta_event"},"level":"warn","message":"Unknown message type","module":"websocket","timestamp":"2025-09-01T16:09:47.563Z"}
{"extra":{"type":"meta_event"},"level":"warn","message":"Unknown message type","module":"websocket","timestamp":"2025-09-01T16:10:17.563Z"}
{"extra":{"type":"meta_event"},"level":"warn","message":"Unknown message type","module":"websocket","timestamp":"2025-09-01T16:10:47.564Z"}
{"extra":{"type":"meta_event"},"level":"warn","message":"Unknown message type","module":"websocket","timestamp":"2025-09-01T16:11:17.564Z"}
{"extra":{"type":"meta_event"},"level":"warn","message":"Unknown message type","module":"websocket","timestamp":"2025-09-01T16:11:47.566Z"}
{"extra":{"type":"meta_event"},"level":"warn","message":"Unknown message type","module":"websocket","timestamp":"2025-09-01T16:12:17.566Z"}
{"extra":{"type":"meta_event"},"level":"warn","message":"Unknown message type","module":"websocket","timestamp":"2025-09-01T16:12:47.567Z"}
{"extra":{"type":"meta_event"},"level":"warn","message":"Unknown message type","module":"websocket","timestamp":"2025-09-01T16:13:17.567Z"}
{"extra":{"type":"meta_event"},"level":"warn","message":"Unknown message type","module":"websocket","timestamp":"2025-09-01T16:13:47.569Z"}
{"extra":{"type":"meta_event"},"level":"warn","message":"Unknown message type","module":"websocket","timestamp":"2025-09-01T16:14:17.569Z"}
{"extra":{"type":"meta_event"},"level":"warn","message":"Unknown message type","module":"websocket","timestamp":"2025-09-01T16:14:47.570Z"}
{"extra":{"type":"meta_event"},"level":"warn","message":"Unknown message type","module":"websocket","timestamp":"2025-09-01T16:15:17.570Z"}
{"extra":{"type":"meta_event"},"level":"warn","message":"Unknown message type","module":"websocket","timestamp":"2025-09-01T16:15:47.571Z"}
{"extra":{"type":"meta_event"},"level":"warn","message":"Unknown message type","module":"websocket","timestamp":"2025-09-01T16:16:17.572Z"}
{"extra":{"type":"meta_event"},"level":"warn","message":"Unknown message type","module":"websocket","timestamp":"2025-09-01T16:16:47.573Z"}
{"extra":{"type":"meta_event"},"level":"warn","message":"Unknown message type","module":"websocket","timestamp":"2025-09-01T16:17:17.573Z"}
{"extra":{"type":"meta_event"},"level":"warn","message":"Unknown message type","module":"websocket","timestamp":"2025-09-01T16:17:47.574Z"}
{"extra":{"type":"meta_event"},"level":"warn","message":"Unknown message type","module":"websocket","timestamp":"2025-09-01T16:18:17.574Z"}
{"extra":{"type":"meta_event"},"level":"warn","message":"Unknown message type","module":"websocket","timestamp":"2025-09-01T16:18:47.575Z"}
{"extra":{"type":"meta_event"},"level":"warn","message":"Unknown message type","module":"websocket","timestamp":"2025-09-01T16:19:17.575Z"}
{"extra":{"type":"meta_event"},"level":"warn","message":"Unknown message type","module":"websocket","timestamp":"2025-09-01T16:19:47.576Z"}
{"extra":{"type":"meta_event"},"level":"warn","message":"Unknown message type","module":"websocket","timestamp":"2025-09-01T16:20:17.578Z"}
{"extra":{"type":"meta_event"},"level":"warn","message":"Unknown message type","module":"websocket","timestamp":"2025-09-01T16:20:47.578Z"}
{"extra":{"type":"meta_event"},"level":"warn","message":"Unknown message type","module":"websocket","timestamp":"2025-09-01T16:21:17.579Z"}
{"extra":{"type":"meta_event"},"level":"warn","message":"Unknown message type","module":"websocket","timestamp":"2025-09-01T16:21:47.579Z"}
{"extra":{"type":"meta_event"},"level":"warn","message":"Unknown message type","module":"websocket","timestamp":"2025-09-01T16:22:17.579Z"}
{"extra":{"type":"meta_event"},"level":"warn","message":"Unknown message type","module":"websocket","timestamp":"2025-09-01T16:22:47.579Z"}
{"extra":{"type":"meta_event"},"level":"warn","message":"Unknown message type","module":"websocket","timestamp":"2025-09-01T16:23:17.578Z"}
{"level":"info","message":"Connecting to WebSocket: ws://127.0.0.1:3001?access_token=w@123456","module":"websocket","timestamp":"2025-09-01T16:24:21.903Z"}
{"level":"info","message":"WebSocket connection established","module":"websocket","timestamp":"2025-09-01T16:24:21.910Z"}
{"extra":{"type":"meta_event"},"level":"warn","message":"Unknown message type","module":"websocket","timestamp":"2025-09-01T16:24:21.911Z"}
{"extra":{"action":"send_private_msg","params":{"message":"🎉 QQ智能机器人启动成功！\n\n📊 系统状态:\n✅ 数据库连接: 正常\n✅ WebSocket连接: 正常  \n✅ HTTP服务器: 正常\n✅ AI服务: 正常\n\n🤖 机器人信息:\n• QQ号: 1129974489\n• AI模型: gemini-2.0-flash-exp\n• 启动时间: 2025/9/2 00:24:22\n\n💡 功能说明:\n• 智能对话: 直接发送消息进行对话\n• 需求管理: 描述开发需求，机器人会智能识别并处理\n• 群聊管理: 支持群聊AI回复功能\n\n您现在可以开始与我对话了！","user_id":85178516}},"level":"info","message":"Message sent to OneBot server","module":"websocket","timestamp":"2025-09-01T16:24:22.924Z"}
{"extra":{},"level":"warn","message":"Unknown message type","module":"websocket","timestamp":"2025-09-01T16:24:23.017Z"}
{"extra":{"type":"meta_event"},"level":"warn","message":"Unknown message type","module":"websocket","timestamp":"2025-09-01T16:24:47.583Z"}
{"level":"info","message":"Connecting to WebSocket: ws://127.0.0.1:3001?access_token=w@123456","module":"websocket","timestamp":"2025-09-01T16:36:28.131Z"}
{"level":"info","message":"WebSocket connection established","module":"websocket","timestamp":"2025-09-01T16:36:28.138Z"}
{"extra":{"type":"meta_event"},"level":"warn","message":"Unknown message type","module":"websocket","timestamp":"2025-09-01T16:36:28.139Z"}
{"extra":{"action":"send_private_msg","params":{"message":"🎉 QQ智能机器人启动成功！\n\n📊 系统状态:\n✅ 数据库连接: 正常\n✅ WebSocket连接: 正常  \n✅ HTTP服务器: 正常\n✅ AI服务: 正常\n\n🤖 机器人信息:\n• QQ号: 1129974489\n• AI模型: gemini-2.0-flash-exp\n• 启动时间: 2025/9/2 00:36:29\n\n💡 功能说明:\n• 智能对话: 直接发送消息进行对话\n• 需求管理: 描述开发需求，机器人会智能识别并处理\n• 群聊管理: 支持群聊AI回复功能\n\n您现在可以开始与我对话了！","user_id":85178516}},"level":"info","message":"Message sent to OneBot server","module":"websocket","timestamp":"2025-09-01T16:36:29.152Z"}
{"level":"info","message":"Connecting to WebSocket: ws://127.0.0.1:3001?access_token=w@123456","module":"websocket","timestamp":"2025-09-01T16:36:38.532Z"}
{"level":"info","message":"WebSocket connection established","module":"websocket","timestamp":"2025-09-01T16:36:38.539Z"}
{"extra":{"type":"meta_event"},"level":"warn","message":"Unknown message type","module":"websocket","timestamp":"2025-09-01T16:36:38.540Z"}
{"extra":{"action":"send_private_msg","params":{"message":"🎉 QQ智能机器人启动成功！\n\n📊 系统状态:\n✅ 数据库连接: 正常\n✅ WebSocket连接: 正常  \n✅ HTTP服务器: 正常\n✅ AI服务: 正常\n\n🤖 机器人信息:\n• QQ号: 1129974489\n• AI模型: gemini-2.0-flash-exp\n• 启动时间: 2025/9/2 00:36:39\n\n💡 功能说明:\n• 智能对话: 直接发送消息进行对话\n• 需求管理: 描述开发需求，机器人会智能识别并处理\n• 群聊管理: 支持群聊AI回复功能\n\n您现在可以开始与我对话了！","user_id":85178516}},"level":"info","message":"Message sent to OneBot server","module":"websocket","timestamp":"2025-09-01T16:36:39.553Z"}
{"extra":{},"level":"warn","message":"Unknown message type","module":"websocket","timestamp":"2025-09-01T16:36:39.639Z"}
{"extra":{"type":"meta_event"},"level":"warn","message":"Unknown message type","module":"websocket","timestamp":"2025-09-01T16:36:47.600Z"}
{"extra":{"type":"meta_event"},"level":"warn","message":"Unknown message type","module":"websocket","timestamp":"2025-09-01T16:37:17.599Z"}
{"level":"info","message":"Connecting to WebSocket: ws://127.0.0.1:3001?access_token=w@123456","module":"websocket","timestamp":"2025-09-01T16:39:33.582Z"}
{"level":"info","message":"WebSocket connection established","module":"websocket","timestamp":"2025-09-01T16:39:33.589Z"}
{"extra":{"type":"meta_event"},"level":"warn","message":"Unknown message type","module":"websocket","timestamp":"2025-09-01T16:39:33.591Z"}
{"extra":{"action":"send_private_msg","params":{"message":"🎉 QQ智能机器人启动成功！\n\n📊 系统状态:\n✅ 数据库连接: 正常\n✅ WebSocket连接: 正常  \n✅ HTTP服务器: 正常\n✅ AI服务: 正常\n\n🤖 机器人信息:\n• QQ号: 1129974489\n• AI模型: gemini-2.0-flash-exp\n• 启动时间: 2025/9/2 00:39:34\n\n💡 功能说明:\n• 智能对话: 直接发送消息进行对话\n• 需求管理: 描述开发需求，机器人会智能识别并处理\n• 群聊管理: 支持群聊AI回复功能\n\n您现在可以开始与我对话了！","user_id":85178516}},"level":"info","message":"Message sent to OneBot server","module":"websocket","timestamp":"2025-09-01T16:39:34.603Z"}
{"extra":{},"level":"warn","message":"Unknown message type","module":"websocket","timestamp":"2025-09-01T16:39:34.673Z"}
{"extra":{"type":"meta_event"},"level":"warn","message":"Unknown message type","module":"websocket","timestamp":"2025-09-01T16:39:47.602Z"}
{"extra":{"type":"meta_event"},"level":"warn","message":"Unknown message type","module":"websocket","timestamp":"2025-09-01T16:40:17.603Z"}
{"level":"info","message":"Connecting to WebSocket: ws://127.0.0.1:3001?access_token=w@123456","module":"websocket","timestamp":"2025-09-01T16:45:11.571Z"}
{"level":"info","message":"WebSocket connection established","module":"websocket","timestamp":"2025-09-01T16:45:11.578Z"}
{"extra":{"type":"meta_event"},"level":"warn","message":"Unknown message type","module":"websocket","timestamp":"2025-09-01T16:45:11.579Z"}
{"extra":{"action":"send_private_msg","params":{"message":"🎉 QQ智能机器人启动成功！\n\n📊 系统状态:\n✅ 数据库连接: 正常\n✅ WebSocket连接: 正常  \n✅ HTTP服务器: 正常\n✅ AI服务: 正常\n\n🤖 机器人信息:\n• QQ号: 1129974489\n• AI模型: gemini-2.0-flash-exp\n• 启动时间: 2025/9/2 00:45:12\n\n💡 功能说明:\n• 智能对话: 直接发送消息进行对话\n• 需求管理: 描述开发需求，机器人会智能识别并处理\n• 群聊管理: 支持群聊AI回复功能\n\n您现在可以开始与我对话了！","user_id":85178516}},"level":"info","message":"Message sent to OneBot server","module":"websocket","timestamp":"2025-09-01T16:45:12.592Z"}
{"extra":{},"level":"warn","message":"Unknown message type","module":"websocket","timestamp":"2025-09-01T16:45:12.713Z"}
{"extra":{"type":"meta_event"},"level":"warn","message":"Unknown message type","module":"websocket","timestamp":"2025-09-01T16:45:17.611Z"}
{"extra":{"action":"send_private_msg","params":{"message":"test hello from http api","user_id":85178516}},"level":"info","message":"Message sent to OneBot server","module":"websocket","timestamp":"2025-09-01T16:45:26.895Z"}
{"extra":{},"level":"warn","message":"Unknown message type","module":"websocket","timestamp":"2025-09-01T16:45:26.988Z"}
{"extra":{"type":"meta_event"},"level":"warn","message":"Unknown message type","module":"websocket","timestamp":"2025-09-01T16:45:47.612Z"}
{"extra":{"type":"meta_event"},"level":"warn","message":"Unknown message type","module":"websocket","timestamp":"2025-09-01T16:46:17.611Z"}
{"extra":{"type":"meta_event"},"level":"warn","message":"Unknown message type","module":"websocket","timestamp":"2025-09-01T16:46:47.612Z"}
{"extra":{"type":"meta_event"},"level":"warn","message":"Unknown message type","module":"websocket","timestamp":"2025-09-01T16:47:17.612Z"}
{"extra":{"type":"meta_event"},"level":"warn","message":"Unknown message type","module":"websocket","timestamp":"2025-09-01T16:47:47.614Z"}
{"extra":{"type":"meta_event"},"level":"warn","message":"Unknown message type","module":"websocket","timestamp":"2025-09-01T16:48:17.616Z"}
{"extra":{"type":"meta_event"},"level":"warn","message":"Unknown message type","module":"websocket","timestamp":"2025-09-01T16:48:47.617Z"}
{"extra":{"action":"send_private_msg","params":{"message":"修复验证测试消息","user_id":85178516}},"level":"info","message":"Message sent to OneBot server","module":"websocket","timestamp":"2025-09-01T16:49:14.618Z"}
{"extra":{},"level":"warn","message":"Unknown message type","module":"websocket","timestamp":"2025-09-01T16:49:14.720Z"}
{"extra":{"type":"meta_event"},"level":"warn","message":"Unknown message type","module":"websocket","timestamp":"2025-09-01T16:49:17.617Z"}
{"extra":{"type":"meta_event"},"level":"warn","message":"Unknown message type","module":"websocket","timestamp":"2025-09-01T16:49:47.618Z"}
{"extra":{"type":"meta_event"},"level":"warn","message":"Unknown message type","module":"websocket","timestamp":"2025-09-01T16:50:17.619Z"}
{"extra":{"type":"meta_event"},"level":"warn","message":"Unknown message type","module":"websocket","timestamp":"2025-09-01T16:50:47.619Z"}
{"extra":{"type":"meta_event"},"level":"warn","message":"Unknown message type","module":"websocket","timestamp":"2025-09-01T16:51:17.619Z"}
{"extra":{"type":"meta_event"},"level":"warn","message":"Unknown message type","module":"websocket","timestamp":"2025-09-01T16:51:47.619Z"}
{"extra":{"type":"meta_event"},"level":"warn","message":"Unknown message type","module":"websocket","timestamp":"2025-09-01T16:52:17.620Z"}
{"extra":{"type":"meta_event"},"level":"warn","message":"Unknown message type","module":"websocket","timestamp":"2025-09-01T16:52:47.620Z"}
{"extra":{"type":"meta_event"},"level":"warn","message":"Unknown message type","module":"websocket","timestamp":"2025-09-01T16:53:17.621Z"}
{"extra":{"type":"meta_event"},"level":"warn","message":"Unknown message type","module":"websocket","timestamp":"2025-09-01T16:53:47.621Z"}
{"extra":{"type":"meta_event"},"level":"warn","message":"Unknown message type","module":"websocket","timestamp":"2025-09-01T16:54:17.621Z"}
{"extra":{"type":"meta_event"},"level":"warn","message":"Unknown message type","module":"websocket","timestamp":"2025-09-01T16:54:47.623Z"}
{"extra":{"type":"meta_event"},"level":"warn","message":"Unknown message type","module":"websocket","timestamp":"2025-09-01T16:55:17.623Z"}
{"extra":{"type":"meta_event"},"level":"warn","message":"Unknown message type","module":"websocket","timestamp":"2025-09-01T16:55:47.624Z"}
{"extra":{"type":"meta_event"},"level":"warn","message":"Unknown message type","module":"websocket","timestamp":"2025-09-01T16:56:17.626Z"}
{"extra":{"type":"meta_event"},"level":"warn","message":"Unknown message type","module":"websocket","timestamp":"2025-09-01T16:56:47.627Z"}
{"extra":{"type":"meta_event"},"level":"warn","message":"Unknown message type","module":"websocket","timestamp":"2025-09-01T16:57:17.627Z"}
{"extra":{"type":"meta_event"},"level":"warn","message":"Unknown message type","module":"websocket","timestamp":"2025-09-01T16:57:47.629Z"}
{"extra":{"type":"meta_event"},"level":"warn","message":"Unknown message type","module":"websocket","timestamp":"2025-09-01T16:58:17.630Z"}
{"extra":{"type":"meta_event"},"level":"warn","message":"Unknown message type","module":"websocket","timestamp":"2025-09-01T16:58:47.631Z"}
{"extra":{"type":"meta_event"},"level":"warn","message":"Unknown message type","module":"websocket","timestamp":"2025-09-01T16:59:17.631Z"}
{"extra":{"type":"meta_event"},"level":"warn","message":"Unknown message type","module":"websocket","timestamp":"2025-09-01T16:59:47.633Z"}
{"extra":{"type":"meta_event"},"level":"warn","message":"Unknown message type","module":"websocket","timestamp":"2025-09-01T17:00:17.633Z"}
{"extra":{"type":"meta_event"},"level":"warn","message":"Unknown message type","module":"websocket","timestamp":"2025-09-01T17:00:47.634Z"}
{"extra":{"type":"meta_event"},"level":"warn","message":"Unknown message type","module":"websocket","timestamp":"2025-09-01T17:01:17.635Z"}
{"extra":{"type":"meta_event"},"level":"warn","message":"Unknown message type","module":"websocket","timestamp":"2025-09-01T17:01:47.634Z"}
{"extra":{"type":"meta_event"},"level":"warn","message":"Unknown message type","module":"websocket","timestamp":"2025-09-01T17:02:17.636Z"}
{"extra":{"type":"meta_event"},"level":"warn","message":"Unknown message type","module":"websocket","timestamp":"2025-09-01T17:02:47.635Z"}
{"extra":{"type":"meta_event"},"level":"warn","message":"Unknown message type","module":"websocket","timestamp":"2025-09-01T17:03:17.637Z"}
{"extra":{"type":"meta_event"},"level":"warn","message":"Unknown message type","module":"websocket","timestamp":"2025-09-01T17:03:47.637Z"}
{"extra":{"type":"meta_event"},"level":"warn","message":"Unknown message type","module":"websocket","timestamp":"2025-09-01T17:04:17.637Z"}
{"extra":{"type":"meta_event"},"level":"warn","message":"Unknown message type","module":"websocket","timestamp":"2025-09-01T17:04:47.638Z"}
{"extra":{"type":"meta_event"},"level":"warn","message":"Unknown message type","module":"websocket","timestamp":"2025-09-01T17:05:17.638Z"}
{"extra":{"type":"meta_event"},"level":"warn","message":"Unknown message type","module":"websocket","timestamp":"2025-09-01T17:05:47.639Z"}
{"extra":{"type":"meta_event"},"level":"warn","message":"Unknown message type","module":"websocket","timestamp":"2025-09-01T17:06:17.640Z"}
{"extra":{"type":"meta_event"},"level":"warn","message":"Unknown message type","module":"websocket","timestamp":"2025-09-01T17:06:47.640Z"}
{"extra":{"type":"meta_event"},"level":"warn","message":"Unknown message type","module":"websocket","timestamp":"2025-09-01T17:07:17.639Z"}
{"extra":{"type":"meta_event"},"level":"warn","message":"Unknown message type","module":"websocket","timestamp":"2025-09-01T17:07:47.640Z"}
{"extra":{"type":"meta_event"},"level":"warn","message":"Unknown message type","module":"websocket","timestamp":"2025-09-01T17:08:17.641Z"}
{"extra":{"type":"meta_event"},"level":"warn","message":"Unknown message type","module":"websocket","timestamp":"2025-09-01T17:08:47.643Z"}
{"extra":{"type":"meta_event"},"level":"warn","message":"Unknown message type","module":"websocket","timestamp":"2025-09-01T17:09:17.644Z"}
{"extra":{"type":"meta_event"},"level":"warn","message":"Unknown message type","module":"websocket","timestamp":"2025-09-01T17:09:47.644Z"}
{"extra":{"type":"meta_event"},"level":"warn","message":"Unknown message type","module":"websocket","timestamp":"2025-09-01T17:10:17.645Z"}
{"extra":{"type":"meta_event"},"level":"warn","message":"Unknown message type","module":"websocket","timestamp":"2025-09-01T17:10:47.645Z"}
{"extra":{"type":"meta_event"},"level":"warn","message":"Unknown message type","module":"websocket","timestamp":"2025-09-01T17:11:17.646Z"}
{"extra":{"type":"meta_event"},"level":"warn","message":"Unknown message type","module":"websocket","timestamp":"2025-09-01T17:11:47.647Z"}
{"extra":{"type":"meta_event"},"level":"warn","message":"Unknown message type","module":"websocket","timestamp":"2025-09-01T17:12:17.648Z"}
{"extra":{"type":"meta_event"},"level":"warn","message":"Unknown message type","module":"websocket","timestamp":"2025-09-01T17:12:47.649Z"}
{"extra":{"type":"meta_event"},"level":"warn","message":"Unknown message type","module":"websocket","timestamp":"2025-09-01T17:13:17.650Z"}
{"extra":{"type":"meta_event"},"level":"warn","message":"Unknown message type","module":"websocket","timestamp":"2025-09-01T17:13:47.651Z"}
{"extra":{"type":"meta_event"},"level":"warn","message":"Unknown message type","module":"websocket","timestamp":"2025-09-01T17:14:17.652Z"}
{"extra":{"type":"meta_event"},"level":"warn","message":"Unknown message type","module":"websocket","timestamp":"2025-09-01T17:14:47.652Z"}
{"extra":{"type":"meta_event"},"level":"warn","message":"Unknown message type","module":"websocket","timestamp":"2025-09-01T17:15:17.653Z"}
{"extra":{"type":"meta_event"},"level":"warn","message":"Unknown message type","module":"websocket","timestamp":"2025-09-01T17:15:47.656Z"}
{"extra":{"type":"meta_event"},"level":"warn","message":"Unknown message type","module":"websocket","timestamp":"2025-09-01T17:16:17.656Z"}
{"extra":{"type":"meta_event"},"level":"warn","message":"Unknown message type","module":"websocket","timestamp":"2025-09-01T17:16:47.656Z"}
{"extra":{"type":"meta_event"},"level":"warn","message":"Unknown message type","module":"websocket","timestamp":"2025-09-01T17:17:17.658Z"}
{"extra":{"type":"meta_event"},"level":"warn","message":"Unknown message type","module":"websocket","timestamp":"2025-09-01T17:17:47.659Z"}
{"extra":{"type":"meta_event"},"level":"warn","message":"Unknown message type","module":"websocket","timestamp":"2025-09-01T17:18:17.660Z"}
{"extra":{"type":"meta_event"},"level":"warn","message":"Unknown message type","module":"websocket","timestamp":"2025-09-01T17:18:47.660Z"}
{"extra":{"type":"meta_event"},"level":"warn","message":"Unknown message type","module":"websocket","timestamp":"2025-09-01T17:19:17.661Z"}
{"extra":{"type":"meta_event"},"level":"warn","message":"Unknown message type","module":"websocket","timestamp":"2025-09-01T17:19:47.661Z"}
{"extra":{"type":"meta_event"},"level":"warn","message":"Unknown message type","module":"websocket","timestamp":"2025-09-01T17:20:17.661Z"}
{"extra":{"type":"meta_event"},"level":"warn","message":"Unknown message type","module":"websocket","timestamp":"2025-09-01T17:20:47.662Z"}
{"extra":{"type":"meta_event"},"level":"warn","message":"Unknown message type","module":"websocket","timestamp":"2025-09-01T17:21:17.663Z"}
{"extra":{"type":"meta_event"},"level":"warn","message":"Unknown message type","module":"websocket","timestamp":"2025-09-01T17:21:47.663Z"}
{"level":"info","message":"WebSocket connection manually closed","module":"websocket","timestamp":"2025-09-01T17:22:08.218Z"}
{"level":"info","message":"Connecting to WebSocket: ws://127.0.0.1:3001?access_token=w@123456","module":"websocket","timestamp":"2025-09-01T17:22:12.246Z"}
{"level":"info","message":"WebSocket connection established","module":"websocket","timestamp":"2025-09-01T17:22:12.257Z"}
{"extra":{"type":"meta_event"},"level":"warn","message":"Unknown message type","module":"websocket","timestamp":"2025-09-01T17:22:12.258Z"}
{"extra":{"action":"send_private_msg","params":{"message":"🎉 QQ智能机器人启动成功！\n\n📊 系统状态:\n✅ 数据库连接: 正常\n✅ WebSocket连接: 正常  \n✅ HTTP服务器: 正常\n✅ AI服务: 正常\n\n🤖 机器人信息:\n• QQ号: 1129974489\n• AI模型: gemini-2.0-flash-exp\n• 启动时间: 2025/9/2 01:22:13\n\n💡 功能说明:\n• 智能对话: 直接发送消息进行对话\n• 需求管理: 描述开发需求，机器人会智能识别并处理\n• 群聊管理: 支持群聊AI回复功能\n\n您现在可以开始与我对话了！","user_id":85178516}},"level":"info","message":"Message sent to OneBot server","module":"websocket","timestamp":"2025-09-01T17:22:13.272Z"}
{"extra":{},"level":"warn","message":"Unknown message type","module":"websocket","timestamp":"2025-09-01T17:22:13.357Z"}
{"extra":{"type":"meta_event"},"level":"warn","message":"Unknown message type","module":"websocket","timestamp":"2025-09-01T17:22:17.664Z"}
{"extra":{"type":"meta_event"},"level":"warn","message":"Unknown message type","module":"websocket","timestamp":"2025-09-01T17:22:47.663Z"}
{"extra":{"type":"meta_event"},"level":"warn","message":"Unknown message type","module":"websocket","timestamp":"2025-09-01T17:23:17.663Z"}
{"extra":{"type":"meta_event"},"level":"warn","message":"Unknown message type","module":"websocket","timestamp":"2025-09-01T17:23:47.664Z"}
{"extra":{"type":"meta_event"},"level":"warn","message":"Unknown message type","module":"websocket","timestamp":"2025-09-01T17:24:17.665Z"}
{"extra":{"type":"meta_event"},"level":"warn","message":"Unknown message type","module":"websocket","timestamp":"2025-09-01T17:24:47.666Z"}
{"extra":{"type":"meta_event"},"level":"warn","message":"Unknown message type","module":"websocket","timestamp":"2025-09-01T17:25:17.666Z"}
{"extra":{"type":"meta_event"},"level":"warn","message":"Unknown message type","module":"websocket","timestamp":"2025-09-01T17:25:47.668Z"}
{"extra":{"type":"meta_event"},"level":"warn","message":"Unknown message type","module":"websocket","timestamp":"2025-09-01T17:26:17.668Z"}
{"extra":{"type":"meta_event"},"level":"warn","message":"Unknown message type","module":"websocket","timestamp":"2025-09-01T17:26:47.669Z"}
{"extra":{"type":"meta_event"},"level":"warn","message":"Unknown message type","module":"websocket","timestamp":"2025-09-01T17:27:17.671Z"}
{"level":"info","message":"WebSocket connection manually closed","module":"websocket","timestamp":"2025-09-01T17:27:44.083Z"}
{"extra":{"code":1005,"reason":""},"level":"warn","message":"WebSocket connection closed","module":"websocket","timestamp":"2025-09-01T17:27:44.086Z"}
{"level":"info","message":"Connecting to WebSocket: ws://127.0.0.1:3001?access_token=w@123456","module":"websocket","timestamp":"2025-09-01T17:27:48.419Z"}
{"level":"info","message":"WebSocket connection established","module":"websocket","timestamp":"2025-09-01T17:27:48.429Z"}
{"extra":{"type":"meta_event"},"level":"warn","message":"Unknown message type","module":"websocket","timestamp":"2025-09-01T17:27:48.431Z"}
{"extra":{"action":"send_private_msg","params":{"message":"🎉 QQ智能机器人启动成功！\n\n📊 系统状态:\n✅ 数据库连接: 正常\n✅ WebSocket连接: 正常  \n✅ HTTP服务器: 正常\n✅ AI服务: 正常\n\n🤖 机器人信息:\n• QQ号: 1129974489\n• AI模型: gemini-2.0-flash-exp\n• 启动时间: 2025/9/2 01:27:49\n\n💡 功能说明:\n• 智能对话: 直接发送消息进行对话\n• 需求管理: 描述开发需求，机器人会智能识别并处理\n• 群聊管理: 支持群聊AI回复功能\n\n您现在可以开始与我对话了！","user_id":85178516}},"level":"info","message":"Message sent to OneBot server","module":"websocket","timestamp":"2025-09-01T17:27:49.441Z"}
{"extra":{},"level":"warn","message":"Unknown message type","module":"websocket","timestamp":"2025-09-01T17:27:49.529Z"}
{"extra":{"type":"meta_event"},"level":"warn","message":"Unknown message type","module":"websocket","timestamp":"2025-09-01T17:28:17.672Z"}
{"extra":{"type":"meta_event"},"level":"warn","message":"Unknown message type","module":"websocket","timestamp":"2025-09-01T17:28:47.674Z"}
{"extra":{"action":"send_private_msg","params":{"message":"ä½ å¥½ï¼Œæœ‰ä»€ä¹ˆæˆ‘èƒ½ä¸ºä½ æä¾›å¸®åŠ©çš„å—ï¼Ÿæ— è®ºæ˜¯å’¨è¯¢ä¸€äº›ä¿¡æ¯ã€è¿›è¡Œä¸€äº›äº¤æµï¼Œæˆ–è€…æ˜¯å¯¹æŠ€æœ¯é—®é¢˜æœ‰ä»€ä¹ˆç–‘é—®ï¼Œéƒ½å¯ä»¥éšæ—¶å‘Šè¯‰æˆ‘å“¦ï¼\n","user_id":85178516}},"level":"info","message":"Message sent to OneBot server","module":"websocket","timestamp":"2025-09-01T17:29:00.922Z"}
{"extra":{},"level":"warn","message":"Unknown message type","module":"websocket","timestamp":"2025-09-01T17:29:00.999Z"}
{"extra":{"type":"meta_event"},"level":"warn","message":"Unknown message type","module":"websocket","timestamp":"2025-09-01T17:29:17.674Z"}
{"extra":{"type":"meta_event"},"level":"warn","message":"Unknown message type","module":"websocket","timestamp":"2025-09-01T17:29:47.675Z"}
{"extra":{"type":"meta_event"},"level":"warn","message":"Unknown message type","module":"websocket","timestamp":"2025-09-01T17:30:17.674Z"}
{"extra":{"type":"meta_event"},"level":"warn","message":"Unknown message type","module":"websocket","timestamp":"2025-09-01T17:30:47.675Z"}
{"extra":{"type":"meta_event"},"level":"warn","message":"Unknown message type","module":"websocket","timestamp":"2025-09-01T17:31:17.676Z"}
{"level":"info","message":"WebSocket connection manually closed","module":"websocket","timestamp":"2025-09-01T17:31:35.287Z"}
{"level":"info","message":"Connecting to WebSocket: ws://127.0.0.1:3001?access_token=w@123456","module":"websocket","timestamp":"2025-09-01T17:34:12.397Z"}
{"level":"info","message":"WebSocket connection established","module":"websocket","timestamp":"2025-09-01T17:34:12.406Z"}
{"extra":{"type":"meta_event"},"level":"warn","message":"Unknown message type","module":"websocket","timestamp":"2025-09-01T17:34:12.407Z"}
{"extra":{"action":"send_private_msg","params":{"message":"🎉 QQ智能机器人启动成功！\n\n📊 系统状态:\n✅ 数据库连接: 正常\n✅ WebSocket连接: 正常  \n✅ HTTP服务器: 正常\n✅ AI服务: 正常\n\n🤖 机器人信息:\n• QQ号: 1129974489\n• AI模型: gemini-2.0-flash-exp\n• 启动时间: 2025/9/2 01:34:13\n\n💡 功能说明:\n• 智能对话: 直接发送消息进行对话\n• 需求管理: 描述开发需求，机器人会智能识别并处理\n• 群聊管理: 支持群聊AI回复功能\n\n您现在可以开始与我对话了！","user_id":85178516}},"level":"info","message":"Message sent to OneBot server","module":"websocket","timestamp":"2025-09-01T17:34:13.420Z"}
{"extra":{},"level":"warn","message":"Unknown message type","module":"websocket","timestamp":"2025-09-01T17:34:13.503Z"}
{"extra":{"type":"meta_event"},"level":"warn","message":"Unknown message type","module":"websocket","timestamp":"2025-09-01T17:34:17.680Z"}
{"level":"info","message":"WebSocket connection manually closed","module":"websocket","timestamp":"2025-09-01T17:34:42.411Z"}
{"extra":{"code":1005,"reason":""},"level":"warn","message":"WebSocket connection closed","module":"websocket","timestamp":"2025-09-01T17:34:42.413Z"}
{"level":"info","message":"WebSocket connection manually closed","module":"websocket","timestamp":"2025-09-01T17:35:19.805Z"}
{"level":"info","message":"Connecting to WebSocket: ws://127.0.0.1:3001?access_token=w@123456","module":"websocket","timestamp":"2025-09-01T17:35:23.586Z"}
{"level":"info","message":"WebSocket connection established","module":"websocket","timestamp":"2025-09-01T17:35:23.593Z"}
{"extra":{"sub_type":"connect"},"level":"info","message":"Lifecycle event received","module":"websocket","timestamp":"2025-09-01T17:35:23.594Z"}
{"extra":{"action":"send_private_msg","params":{"message":"🎉 QQ智能机器人启动成功！\n\n📊 系统状态:\n✅ 数据库连接: 正常\n✅ WebSocket连接: 正常  \n✅ HTTP服务器: 正常\n✅ AI服务: 正常\n\n🤖 机器人信息:\n• QQ号: 1129974489\n• AI模型: gemini-2.0-flash-exp\n• 启动时间: 2025/9/2 01:35:24\n\n💡 功能说明:\n• 智能对话: 直接发送消息进行对话\n• 需求管理: 描述开发需求，机器人会智能识别并处理\n• 群聊管理: 支持群聊AI回复功能\n\n您现在可以开始与我对话了！","user_id":85178516}},"level":"info","message":"Message sent to OneBot server","module":"websocket","timestamp":"2025-09-01T17:35:24.608Z"}
{"extra":{},"level":"warn","message":"Unknown message type","module":"websocket","timestamp":"2025-09-01T17:35:24.695Z"}
{"extra":{"action":"send_private_msg","params":{"message":"ä½ å¥½ï¼Œæœ‰ä»€ä¹ˆæˆ‘å¯ä»¥ä¸ºä½ æä¾›å¸®åŠ©çš„å—ï¼Ÿ\n","user_id":85178516}},"level":"info","message":"Message sent to OneBot server","module":"websocket","timestamp":"2025-09-01T17:37:35.204Z"}
{"extra":{},"level":"warn","message":"Unknown message type","module":"websocket","timestamp":"2025-09-01T17:37:35.283Z"}
{"level":"info","message":"WebSocket connection manually closed","module":"websocket","timestamp":"2025-09-01T17:40:19.049Z"}
{"level":"info","message":"Connecting to WebSocket: ws://127.0.0.1:3001?access_token=w@123456","module":"websocket","timestamp":"2025-09-01T17:48:50.306Z"}
{"level":"info","message":"WebSocket connection established","module":"websocket","timestamp":"2025-09-01T17:48:50.313Z"}
{"extra":{"sub_type":"connect"},"level":"info","message":"Lifecycle event received","module":"websocket","timestamp":"2025-09-01T17:48:50.314Z"}
{"extra":{"action":"send_private_msg","params":{"message":"🎉 QQ智能机器人启动成功！\n\n📊 系统状态:\n✅ 数据库连接: 正常\n✅ WebSocket连接: 正常  \n✅ HTTP服务器: 正常\n✅ AI服务: 正常\n\n🤖 机器人信息:\n• QQ号: 1129974489\n• AI模型: gemini-2.5-flash\n• 启动时间: 2025/9/2 01:48:51\n\n💡 功能说明:\n• 智能对话: 直接发送消息进行对话\n• 需求管理: 描述开发需求，机器人会智能识别并处理\n• 群聊管理: 支持群聊AI回复功能\n\n您现在可以开始与我对话了！","user_id":85178516}},"level":"info","message":"Message sent to OneBot server","module":"websocket","timestamp":"2025-09-01T17:48:51.332Z"}
{"extra":{},"level":"warn","message":"Unknown message type","module":"websocket","timestamp":"2025-09-01T17:48:51.412Z"}
{"extra":{"action":"send_private_msg","params":{"message":"hello, test message","user_id":85178516}},"level":"info","message":"Message sent to OneBot server","module":"websocket","timestamp":"2025-09-01T17:49:23.846Z"}
{"extra":{},"level":"warn","message":"Unknown message type","module":"websocket","timestamp":"2025-09-01T17:49:23.923Z"}
{"extra":{"action":"send_private_msg","params":{"message":"哈喽！你好！👋\n\n很高兴能在这里与你交流！我是一个基于Gemini AI技术的智能QQ机器人助手，非常乐意为你服务。\n\n你可以把我当成一个友好、专业又乐于助人的伙伴。无论你有什么问题，想进行各种咨询和交流，我都会尽力帮助你。特别是对于技术方面的问题，我也能提供一些有用的建议哦！\n\n请放心，我会努力保持对话的连贯性和相关性。如果你有任何开发需求，尽管告诉我，我也可以提供技术建议或者引导你提供更详细的信息，这样我们就能更好地探讨了。\n\n那么，有什么我可以为你做的吗？随时告诉我哦！😊","user_id":85178516}},"level":"info","message":"Message sent to OneBot server","module":"websocket","timestamp":"2025-09-01T18:01:18.387Z"}
{"extra":{},"level":"warn","message":"Unknown message type","module":"websocket","timestamp":"2025-09-01T18:01:18.470Z"}
{"extra":{"action":"send_private_msg","params":{"message":"抱歉，我现在无法处理您的消息，请稍后再试。如果问题持续，请联系管理员。","user_id":85178516}},"level":"info","message":"Message sent to OneBot server","module":"websocket","timestamp":"2025-09-01T18:01:47.367Z"}
{"extra":{},"level":"warn","message":"Unknown message type","module":"websocket","timestamp":"2025-09-01T18:01:47.450Z"}
{"level":"info","message":"WebSocket connection manually closed","module":"websocket","timestamp":"2025-09-01T18:06:50.643Z"}
{"level":"info","message":"Connecting to WebSocket: ws://127.0.0.1:3001?access_token=w@123456","module":"websocket","timestamp":"2025-09-01T18:06:54.713Z"}
{"level":"info","message":"WebSocket connection established","module":"websocket","timestamp":"2025-09-01T18:06:54.720Z"}
{"extra":{"sub_type":"connect"},"level":"info","message":"Lifecycle event received","module":"websocket","timestamp":"2025-09-01T18:06:54.721Z"}
{"extra":{"action":"send_private_msg","params":{"message":"🎉 QQ智能机器人启动成功！\n\n📊 系统状态:\n✅ 数据库连接: 正常\n✅ WebSocket连接: 正常  \n✅ HTTP服务器: 正常\n✅ AI服务: 正常\n\n🤖 机器人信息:\n• QQ号: 1129974489\n• AI模型: gemini-2.5-flash\n• 启动时间: 2025/9/2 02:06:55\n\n💡 功能说明:\n• 智能对话: 直接发送消息进行对话\n• 需求管理: 描述开发需求，机器人会智能识别并处理\n• 群聊管理: 支持群聊AI回复功能\n\n您现在可以开始与我对话了！","user_id":85178516}},"level":"info","message":"Message sent to OneBot server","module":"websocket","timestamp":"2025-09-01T18:06:55.738Z"}
{"extra":{},"level":"warn","message":"Unknown message type","module":"websocket","timestamp":"2025-09-01T18:06:55.827Z"}
{"level":"info","message":"WebSocket connection manually closed","module":"websocket","timestamp":"2025-09-01T18:07:18.230Z"}
{"level":"info","message":"Connecting to WebSocket: ws://127.0.0.1:3001?access_token=w@123456","module":"websocket","timestamp":"2025-09-01T18:07:46.718Z"}
{"level":"info","message":"WebSocket connection established","module":"websocket","timestamp":"2025-09-01T18:07:46.726Z"}
{"extra":{"sub_type":"connect"},"level":"info","message":"Lifecycle event received","module":"websocket","timestamp":"2025-09-01T18:07:46.727Z"}
{"extra":{"action":"send_private_msg","params":{"message":"🎉 QQ智能机器人启动成功！\n\n📊 系统状态:\n✅ 数据库连接: 正常\n✅ WebSocket连接: 正常  \n✅ HTTP服务器: 正常\n✅ AI服务: 正常\n\n🤖 机器人信息:\n• QQ号: 1129974489\n• AI模型: gemini-2.5-flash\n• 启动时间: 2025/9/2 02:07:47\n\n💡 功能说明:\n• 智能对话: 直接发送消息进行对话\n• 需求管理: 描述开发需求，机器人会智能识别并处理\n• 群聊管理: 支持群聊AI回复功能\n\n您现在可以开始与我对话了！","user_id":85178516}},"level":"info","message":"Message sent to OneBot server","module":"websocket","timestamp":"2025-09-01T18:07:47.746Z"}
{"extra":{},"level":"warn","message":"Unknown message type","module":"websocket","timestamp":"2025-09-01T18:07:47.846Z"}
{"extra":{"action":"send_private_msg","params":{"message":"你好","user_id":85178516}},"level":"info","message":"Message sent to OneBot server","module":"websocket","timestamp":"2025-09-01T18:08:19.764Z"}
{"extra":{},"level":"warn","message":"Unknown message type","module":"websocket","timestamp":"2025-09-01T18:08:19.844Z"}
{"extra":{"action":"send_private_msg","params":{"message":"帮我优化一下代码性能","user_id":85178516}},"level":"info","message":"Message sent to OneBot server","module":"websocket","timestamp":"2025-09-01T18:09:20.898Z"}
{"extra":{},"level":"warn","message":"Unknown message type","module":"websocket","timestamp":"2025-09-01T18:09:20.991Z"}
{"extra":{"action":"send_private_msg","params":{"message":"今天天气怎么样？","user_id":85178516}},"level":"info","message":"Message sent to OneBot server","module":"websocket","timestamp":"2025-09-01T18:09:32.870Z"}
{"extra":{},"level":"warn","message":"Unknown message type","module":"websocket","timestamp":"2025-09-01T18:09:32.962Z"}
{"level":"info","message":"WebSocket connection manually closed","module":"websocket","timestamp":"2025-09-01T18:09:33.620Z"}
{"level":"info","message":"Connecting to WebSocket: ws://127.0.0.1:3001?access_token=w@123456","module":"websocket","timestamp":"2025-09-01T18:13:58.226Z"}
{"level":"info","message":"WebSocket connection established","module":"websocket","timestamp":"2025-09-01T18:13:58.234Z"}
{"extra":{"sub_type":"connect"},"level":"info","message":"Lifecycle event received","module":"websocket","timestamp":"2025-09-01T18:13:58.235Z"}
{"extra":{"action":"send_private_msg","params":{"message":"🎉 QQ智能机器人启动成功！\n\n📊 系统状态:\n✅ 数据库连接: 正常\n✅ WebSocket连接: 正常  \n✅ HTTP服务器: 正常\n✅ AI服务: 正常\n\n🤖 机器人信息:\n• QQ号: 1129974489\n• AI模型: gemini-2.5-flash\n• 启动时间: 2025/9/2 02:13:59\n\n💡 功能说明:\n• 智能对话: 直接发送消息进行对话\n• 需求管理: 描述开发需求，机器人会智能识别并处理\n• 群聊管理: 支持群聊AI回复功能\n\n您现在可以开始与我对话了！","user_id":85178516}},"level":"info","message":"Message sent to OneBot server","module":"websocket","timestamp":"2025-09-01T18:13:59.255Z"}
{"extra":{},"level":"warn","message":"Unknown message type","module":"websocket","timestamp":"2025-09-01T18:13:59.331Z"}
{"level":"info","message":"WebSocket connection manually closed","module":"websocket","timestamp":"2025-09-01T18:15:39.745Z"}
{"level":"info","message":"Connecting to WebSocket: ws://127.0.0.1:3001?access_token=w@123456","module":"websocket","timestamp":"2025-09-01T18:19:55.156Z"}
{"level":"info","message":"WebSocket connection established","module":"websocket","timestamp":"2025-09-01T18:19:55.163Z"}
{"extra":{"sub_type":"connect"},"level":"info","message":"Lifecycle event received","module":"websocket","timestamp":"2025-09-01T18:19:55.164Z"}
{"extra":{"action":"send_private_msg","params":{"message":"🎉 QQ智能机器人启动成功！\n\n📊 系统状态:\n✅ 数据库连接: 正常\n✅ WebSocket连接: 正常  \n✅ HTTP服务器: 正常\n✅ AI服务: 正常\n\n🤖 机器人信息:\n• QQ号: 1129974489\n• AI模型: gemini-2.5-flash\n• 启动时间: 2025/9/2 02:19:56\n\n💡 功能说明:\n• 智能对话: 直接发送消息进行对话\n• 需求管理: 描述开发需求，机器人会智能识别并处理\n• 群聊管理: 支持群聊AI回复功能\n\n您现在可以开始与我对话了！","user_id":85178516}},"level":"info","message":"Message sent to OneBot server","module":"websocket","timestamp":"2025-09-01T18:19:56.181Z"}
{"extra":{},"level":"warn","message":"Unknown message type","module":"websocket","timestamp":"2025-09-01T18:19:56.264Z"}
{"level":"info","message":"WebSocket connection manually closed","module":"websocket","timestamp":"2025-09-01T18:20:27.451Z"}
{"level":"info","message":"Connecting to WebSocket: ws://127.0.0.1:3001?access_token=w@123456","module":"websocket","timestamp":"2025-09-01T18:23:12.625Z"}
{"level":"info","message":"WebSocket connection established","module":"websocket","timestamp":"2025-09-01T18:23:12.636Z"}
{"extra":{"sub_type":"connect"},"level":"info","message":"Lifecycle event received","module":"websocket","timestamp":"2025-09-01T18:23:12.640Z"}
{"extra":{"action":"send_private_msg","params":{"message":"🎉 QQ智能机器人启动成功！\n\n📊 系统状态:\n✅ 数据库连接: 正常\n✅ WebSocket连接: 正常  \n✅ HTTP服务器: 正常\n✅ AI服务: 正常\n\n🤖 机器人信息:\n• QQ号: 1129974489\n• AI模型: gemini-2.5-flash\n• 启动时间: 2025/9/2 02:23:13\n\n💡 功能说明:\n• 智能对话: 直接发送消息进行对话\n• 需求管理: 描述开发需求，机器人会智能识别并处理\n• 群聊管理: 支持群聊AI回复功能\n\n您现在可以开始与我对话了！","user_id":85178516}},"level":"info","message":"Message sent to OneBot server","module":"websocket","timestamp":"2025-09-01T18:23:13.685Z"}
{"extra":{},"level":"warn","message":"Unknown message type","module":"websocket","timestamp":"2025-09-01T18:23:13.799Z"}
{"level":"info","message":"WebSocket connection manually closed","module":"websocket","timestamp":"2025-09-01T18:23:18.743Z"}
{"level":"info","message":"Connecting to WebSocket: ws://127.0.0.1:3001?access_token=w@123456","module":"websocket","timestamp":"2025-09-01T18:23:23.003Z"}
{"level":"info","message":"WebSocket connection established","module":"websocket","timestamp":"2025-09-01T18:23:23.014Z"}
{"extra":{"sub_type":"connect"},"level":"info","message":"Lifecycle event received","module":"websocket","timestamp":"2025-09-01T18:23:23.016Z"}
{"extra":{"action":"send_private_msg","params":{"message":"🎉 QQ智能机器人启动成功！\n\n📊 系统状态:\n✅ 数据库连接: 正常\n✅ WebSocket连接: 正常  \n✅ HTTP服务器: 正常\n✅ AI服务: 正常\n\n🤖 机器人信息:\n• QQ号: 1129974489\n• AI模型: gemini-2.5-flash\n• 启动时间: 2025/9/2 02:23:24\n\n💡 功能说明:\n• 智能对话: 直接发送消息进行对话\n• 需求管理: 描述开发需求，机器人会智能识别并处理\n• 群聊管理: 支持群聊AI回复功能\n\n您现在可以开始与我对话了！","user_id":85178516}},"level":"info","message":"Message sent to OneBot server","module":"websocket","timestamp":"2025-09-01T18:23:24.034Z"}
{"extra":{},"level":"warn","message":"Unknown message type","module":"websocket","timestamp":"2025-09-01T18:23:24.109Z"}
{"level":"info","message":"WebSocket connection manually closed","module":"websocket","timestamp":"2025-09-01T18:23:38.827Z"}
{"level":"info","message":"Connecting to WebSocket: ws://127.0.0.1:3001?access_token=w@123456","module":"websocket","timestamp":"2025-09-01T18:23:44.898Z"}
{"level":"info","message":"WebSocket connection established","module":"websocket","timestamp":"2025-09-01T18:23:44.918Z"}
{"extra":{"sub_type":"connect"},"level":"info","message":"Lifecycle event received","module":"websocket","timestamp":"2025-09-01T18:23:44.922Z"}
{"extra":{"action":"send_private_msg","params":{"message":"🎉 QQ智能机器人启动成功！\n\n📊 系统状态:\n✅ 数据库连接: 正常\n✅ WebSocket连接: 正常  \n✅ HTTP服务器: 正常\n✅ AI服务: 正常\n\n🤖 机器人信息:\n• QQ号: 1129974489\n• AI模型: gemini-2.5-flash\n• 启动时间: 2025/9/2 02:23:45\n\n💡 功能说明:\n• 智能对话: 直接发送消息进行对话\n• 需求管理: 描述开发需求，机器人会智能识别并处理\n• 群聊管理: 支持群聊AI回复功能\n\n您现在可以开始与我对话了！","user_id":85178516}},"level":"info","message":"Message sent to OneBot server","module":"websocket","timestamp":"2025-09-01T18:23:45.950Z"}
{"extra":{},"level":"warn","message":"Unknown message type","module":"websocket","timestamp":"2025-09-01T18:23:46.037Z"}
{"level":"info","message":"WebSocket connection manually closed","module":"websocket","timestamp":"2025-09-01T18:24:05.014Z"}
{"level":"info","message":"Connecting to WebSocket: ws://127.0.0.1:3001?access_token=w@123456","module":"websocket","timestamp":"2025-09-01T18:24:11.846Z"}
{"level":"info","message":"WebSocket connection established","module":"websocket","timestamp":"2025-09-01T18:24:11.881Z"}
{"extra":{"sub_type":"connect"},"level":"info","message":"Lifecycle event received","module":"websocket","timestamp":"2025-09-01T18:24:11.886Z"}
{"extra":{"action":"send_private_msg","params":{"message":"🎉 QQ智能机器人启动成功！\n\n📊 系统状态:\n✅ 数据库连接: 正常\n✅ WebSocket连接: 正常  \n✅ HTTP服务器: 正常\n✅ AI服务: 正常\n\n🤖 机器人信息:\n• QQ号: 1129974489\n• AI模型: gemini-2.5-flash\n• 启动时间: 2025/9/2 02:24:12\n\n💡 功能说明:\n• 智能对话: 直接发送消息进行对话\n• 需求管理: 描述开发需求，机器人会智能识别并处理\n• 群聊管理: 支持群聊AI回复功能\n\n您现在可以开始与我对话了！","user_id":85178516}},"level":"info","message":"Message sent to OneBot server","module":"websocket","timestamp":"2025-09-01T18:24:12.953Z"}
{"extra":{},"level":"warn","message":"Unknown message type","module":"websocket","timestamp":"2025-09-01T18:24:13.100Z"}
{"level":"info","message":"WebSocket connection manually closed","module":"websocket","timestamp":"2025-09-01T18:24:51.120Z"}
{"level":"info","message":"Connecting to WebSocket: ws://127.0.0.1:3001?access_token=w@123456","module":"websocket","timestamp":"2025-09-01T18:24:57.666Z"}
{"level":"info","message":"WebSocket connection established","module":"websocket","timestamp":"2025-09-01T18:24:57.677Z"}
{"extra":{"sub_type":"connect"},"level":"info","message":"Lifecycle event received","module":"websocket","timestamp":"2025-09-01T18:24:57.679Z"}
{"extra":{"action":"send_private_msg","params":{"message":"🎉 QQ智能机器人启动成功！\n\n📊 系统状态:\n✅ 数据库连接: 正常\n✅ WebSocket连接: 正常  \n✅ HTTP服务器: 正常\n✅ AI服务: 正常\n\n🤖 机器人信息:\n• QQ号: 1129974489\n• AI模型: gemini-2.5-flash\n• 启动时间: 2025/9/2 02:24:58\n\n💡 功能说明:\n• 智能对话: 直接发送消息进行对话\n• 需求管理: 描述开发需求，机器人会智能识别并处理\n• 群聊管理: 支持群聊AI回复功能\n\n您现在可以开始与我对话了！","user_id":85178516}},"level":"info","message":"Message sent to OneBot server","module":"websocket","timestamp":"2025-09-01T18:24:58.710Z"}
{"extra":{},"level":"warn","message":"Unknown message type","module":"websocket","timestamp":"2025-09-01T18:24:58.812Z"}
{"level":"info","message":"WebSocket connection manually closed","module":"websocket","timestamp":"2025-09-01T18:25:11.376Z"}
{"level":"info","message":"Connecting to WebSocket: ws://127.0.0.1:3001?access_token=w@123456","module":"websocket","timestamp":"2025-09-01T18:25:15.893Z"}
{"level":"info","message":"WebSocket connection established","module":"websocket","timestamp":"2025-09-01T18:25:15.907Z"}
{"extra":{"sub_type":"connect"},"level":"info","message":"Lifecycle event received","module":"websocket","timestamp":"2025-09-01T18:25:15.911Z"}
{"extra":{"action":"send_private_msg","params":{"message":"🎉 QQ智能机器人启动成功！\n\n📊 系统状态:\n✅ 数据库连接: 正常\n✅ WebSocket连接: 正常  \n✅ HTTP服务器: 正常\n✅ AI服务: 正常\n\n🤖 机器人信息:\n• QQ号: 1129974489\n• AI模型: gemini-2.5-flash\n• 启动时间: 2025/9/2 02:25:16\n\n💡 功能说明:\n• 智能对话: 直接发送消息进行对话\n• 需求管理: 描述开发需求，机器人会智能识别并处理\n• 群聊管理: 支持群聊AI回复功能\n\n您现在可以开始与我对话了！","user_id":85178516}},"level":"info","message":"Message sent to OneBot server","module":"websocket","timestamp":"2025-09-01T18:25:16.947Z"}
{"extra":{},"level":"warn","message":"Unknown message type","module":"websocket","timestamp":"2025-09-01T18:25:17.043Z"}
{"level":"info","message":"WebSocket connection manually closed","module":"websocket","timestamp":"2025-09-01T18:25:19.187Z"}
{"level":"info","message":"Connecting to WebSocket: ws://127.0.0.1:3001?access_token=w@123456","module":"websocket","timestamp":"2025-09-01T18:25:25.949Z"}
{"level":"info","message":"WebSocket connection established","module":"websocket","timestamp":"2025-09-01T18:25:25.973Z"}
{"extra":{"sub_type":"connect"},"level":"info","message":"Lifecycle event received","module":"websocket","timestamp":"2025-09-01T18:25:25.975Z"}
{"extra":{"action":"send_private_msg","params":{"message":"🎉 QQ智能机器人启动成功！\n\n📊 系统状态:\n✅ 数据库连接: 正常\n✅ WebSocket连接: 正常  \n✅ HTTP服务器: 正常\n✅ AI服务: 正常\n\n🤖 机器人信息:\n• QQ号: 1129974489\n• AI模型: gemini-2.5-flash\n• 启动时间: 2025/9/2 02:25:26\n\n💡 功能说明:\n• 智能对话: 直接发送消息进行对话\n• 需求管理: 描述开发需求，机器人会智能识别并处理\n• 群聊管理: 支持群聊AI回复功能\n\n您现在可以开始与我对话了！","user_id":85178516}},"level":"info","message":"Message sent to OneBot server","module":"websocket","timestamp":"2025-09-01T18:25:27.004Z"}
{"extra":{},"level":"warn","message":"Unknown message type","module":"websocket","timestamp":"2025-09-01T18:25:27.090Z"}
{"level":"info","message":"WebSocket connection manually closed","module":"websocket","timestamp":"2025-09-01T18:25:38.295Z"}
{"level":"info","message":"Connecting to WebSocket: ws://127.0.0.1:3001?access_token=w@123456","module":"websocket","timestamp":"2025-09-01T18:25:42.412Z"}
{"level":"info","message":"WebSocket connection established","module":"websocket","timestamp":"2025-09-01T18:25:42.422Z"}
{"extra":{"sub_type":"connect"},"level":"info","message":"Lifecycle event received","module":"websocket","timestamp":"2025-09-01T18:25:42.423Z"}
{"extra":{"action":"send_private_msg","params":{"message":"🎉 QQ智能机器人启动成功！\n\n📊 系统状态:\n✅ 数据库连接: 正常\n✅ WebSocket连接: 正常  \n✅ HTTP服务器: 正常\n✅ AI服务: 正常\n\n🤖 机器人信息:\n• QQ号: 1129974489\n• AI模型: gemini-2.5-flash\n• 启动时间: 2025/9/2 02:25:43\n\n💡 功能说明:\n• 智能对话: 直接发送消息进行对话\n• 需求管理: 描述开发需求，机器人会智能识别并处理\n• 群聊管理: 支持群聊AI回复功能\n\n您现在可以开始与我对话了！","user_id":85178516}},"level":"info","message":"Message sent to OneBot server","module":"websocket","timestamp":"2025-09-01T18:25:43.443Z"}
{"extra":{},"level":"warn","message":"Unknown message type","module":"websocket","timestamp":"2025-09-01T18:25:43.526Z"}
{"level":"info","message":"WebSocket connection manually closed","module":"websocket","timestamp":"2025-09-01T18:26:36.750Z"}
{"level":"info","message":"Connecting to WebSocket: ws://127.0.0.1:3001?access_token=w@123456","module":"websocket","timestamp":"2025-09-01T18:26:40.892Z"}
{"level":"info","message":"WebSocket connection established","module":"websocket","timestamp":"2025-09-01T18:26:40.899Z"}
{"extra":{"sub_type":"connect"},"level":"info","message":"Lifecycle event received","module":"websocket","timestamp":"2025-09-01T18:26:40.900Z"}
{"extra":{"action":"send_private_msg","params":{"message":"🎉 QQ智能机器人启动成功！\n\n📊 系统状态:\n✅ 数据库连接: 正常\n✅ WebSocket连接: 正常  \n✅ HTTP服务器: 正常\n✅ AI服务: 正常\n\n🤖 机器人信息:\n• QQ号: 1129974489\n• AI模型: gemini-2.5-flash\n• 启动时间: 2025/9/2 02:26:41\n\n💡 功能说明:\n• 智能对话: 直接发送消息进行对话\n• 需求管理: 描述开发需求，机器人会智能识别并处理\n• 群聊管理: 支持群聊AI回复功能\n\n您现在可以开始与我对话了！","user_id":85178516}},"level":"info","message":"Message sent to OneBot server","module":"websocket","timestamp":"2025-09-01T18:26:41.922Z"}
{"extra":{},"level":"warn","message":"Unknown message type","module":"websocket","timestamp":"2025-09-01T18:26:42.010Z"}
{"level":"info","message":"WebSocket connection manually closed","module":"websocket","timestamp":"2025-09-01T18:27:10.825Z"}
{"level":"info","message":"Connecting to WebSocket: ws://127.0.0.1:3001?access_token=w@123456","module":"websocket","timestamp":"2025-09-01T18:27:15.122Z"}
{"level":"info","message":"WebSocket connection established","module":"websocket","timestamp":"2025-09-01T18:27:15.134Z"}
{"extra":{"sub_type":"connect"},"level":"info","message":"Lifecycle event received","module":"websocket","timestamp":"2025-09-01T18:27:15.135Z"}
{"extra":{"action":"send_private_msg","params":{"message":"🎉 QQ智能机器人启动成功！\n\n📊 系统状态:\n✅ 数据库连接: 正常\n✅ WebSocket连接: 正常  \n✅ HTTP服务器: 正常\n✅ AI服务: 正常\n\n🤖 机器人信息:\n• QQ号: 1129974489\n• AI模型: gemini-2.5-flash\n• 启动时间: 2025/9/2 02:27:16\n\n💡 功能说明:\n• 智能对话: 直接发送消息进行对话\n• 需求管理: 描述开发需求，机器人会智能识别并处理\n• 群聊管理: 支持群聊AI回复功能\n\n您现在可以开始与我对话了！","user_id":85178516}},"level":"info","message":"Message sent to OneBot server","module":"websocket","timestamp":"2025-09-01T18:27:16.152Z"}
{"extra":{},"level":"warn","message":"Unknown message type","module":"websocket","timestamp":"2025-09-01T18:27:16.240Z"}
{"level":"info","message":"WebSocket connection manually closed","module":"websocket","timestamp":"2025-09-01T18:27:50.088Z"}
{"level":"info","message":"Connecting to WebSocket: ws://127.0.0.1:3001?access_token=w@123456","module":"websocket","timestamp":"2025-09-01T18:27:54.569Z"}
{"level":"info","message":"WebSocket connection established","module":"websocket","timestamp":"2025-09-01T18:27:54.577Z"}
{"extra":{"sub_type":"connect"},"level":"info","message":"Lifecycle event received","module":"websocket","timestamp":"2025-09-01T18:27:54.578Z"}
{"extra":{"action":"send_private_msg","params":{"message":"🎉 QQ智能机器人启动成功！\n\n📊 系统状态:\n✅ 数据库连接: 正常\n✅ WebSocket连接: 正常  \n✅ HTTP服务器: 正常\n✅ AI服务: 正常\n\n🤖 机器人信息:\n• QQ号: 1129974489\n• AI模型: gemini-2.5-flash\n• 启动时间: 2025/9/2 02:27:55\n\n💡 功能说明:\n• 智能对话: 直接发送消息进行对话\n• 需求管理: 描述开发需求，机器人会智能识别并处理\n• 群聊管理: 支持群聊AI回复功能\n\n您现在可以开始与我对话了！","user_id":85178516}},"level":"info","message":"Message sent to OneBot server","module":"websocket","timestamp":"2025-09-01T18:27:55.600Z"}
{"extra":{},"level":"warn","message":"Unknown message type","module":"websocket","timestamp":"2025-09-01T18:27:55.684Z"}
{"level":"info","message":"WebSocket connection manually closed","module":"websocket","timestamp":"2025-09-01T18:28:05.474Z"}
{"level":"info","message":"Connecting to WebSocket: ws://127.0.0.1:3001?access_token=w@123456","module":"websocket","timestamp":"2025-09-01T18:28:09.872Z"}
{"level":"info","message":"WebSocket connection established","module":"websocket","timestamp":"2025-09-01T18:28:09.881Z"}
{"extra":{"sub_type":"connect"},"level":"info","message":"Lifecycle event received","module":"websocket","timestamp":"2025-09-01T18:28:09.882Z"}
{"extra":{"action":"send_private_msg","params":{"message":"🎉 QQ智能机器人启动成功！\n\n📊 系统状态:\n✅ 数据库连接: 正常\n✅ WebSocket连接: 正常  \n✅ HTTP服务器: 正常\n✅ AI服务: 正常\n\n🤖 机器人信息:\n• QQ号: 1129974489\n• AI模型: gemini-2.5-flash\n• 启动时间: 2025/9/2 02:28:10\n\n💡 功能说明:\n• 智能对话: 直接发送消息进行对话\n• 需求管理: 描述开发需求，机器人会智能识别并处理\n• 群聊管理: 支持群聊AI回复功能\n\n您现在可以开始与我对话了！","user_id":85178516}},"level":"info","message":"Message sent to OneBot server","module":"websocket","timestamp":"2025-09-01T18:28:10.899Z"}
{"extra":{},"level":"warn","message":"Unknown message type","module":"websocket","timestamp":"2025-09-01T18:28:10.973Z"}
{"level":"info","message":"WebSocket connection manually closed","module":"websocket","timestamp":"2025-09-01T18:28:39.984Z"}
{"level":"info","message":"Connecting to WebSocket: ws://127.0.0.1:3001?access_token=w@123456","module":"websocket","timestamp":"2025-09-01T18:28:43.936Z"}
{"level":"info","message":"WebSocket connection established","module":"websocket","timestamp":"2025-09-01T18:28:43.944Z"}
{"extra":{"sub_type":"connect"},"level":"info","message":"Lifecycle event received","module":"websocket","timestamp":"2025-09-01T18:28:43.945Z"}
{"extra":{"action":"send_private_msg","params":{"message":"🎉 QQ智能机器人启动成功！\n\n📊 系统状态:\n✅ 数据库连接: 正常\n✅ WebSocket连接: 正常  \n✅ HTTP服务器: 正常\n✅ AI服务: 正常\n\n🤖 机器人信息:\n• QQ号: 1129974489\n• AI模型: gemini-2.5-flash\n• 启动时间: 2025/9/2 02:28:44\n\n💡 功能说明:\n• 智能对话: 直接发送消息进行对话\n• 需求管理: 描述开发需求，机器人会智能识别并处理\n• 群聊管理: 支持群聊AI回复功能\n\n您现在可以开始与我对话了！","user_id":85178516}},"level":"info","message":"Message sent to OneBot server","module":"websocket","timestamp":"2025-09-01T18:28:44.963Z"}
{"extra":{},"level":"warn","message":"Unknown message type","module":"websocket","timestamp":"2025-09-01T18:28:45.048Z"}
{"level":"info","message":"WebSocket connection manually closed","module":"websocket","timestamp":"2025-09-01T18:28:53.898Z"}
{"level":"info","message":"Connecting to WebSocket: ws://127.0.0.1:3001?access_token=w@123456","module":"websocket","timestamp":"2025-09-01T18:28:57.860Z"}
{"level":"info","message":"WebSocket connection established","module":"websocket","timestamp":"2025-09-01T18:28:57.866Z"}
{"extra":{"sub_type":"connect"},"level":"info","message":"Lifecycle event received","module":"websocket","timestamp":"2025-09-01T18:28:57.867Z"}
{"extra":{"action":"send_private_msg","params":{"message":"🎉 QQ智能机器人启动成功！\n\n📊 系统状态:\n✅ 数据库连接: 正常\n✅ WebSocket连接: 正常  \n✅ HTTP服务器: 正常\n✅ AI服务: 正常\n\n🤖 机器人信息:\n• QQ号: 1129974489\n• AI模型: gemini-2.5-flash\n• 启动时间: 2025/9/2 02:28:58\n\n💡 功能说明:\n• 智能对话: 直接发送消息进行对话\n• 需求管理: 描述开发需求，机器人会智能识别并处理\n• 群聊管理: 支持群聊AI回复功能\n\n您现在可以开始与我对话了！","user_id":85178516}},"level":"info","message":"Message sent to OneBot server","module":"websocket","timestamp":"2025-09-01T18:28:58.889Z"}
{"extra":{},"level":"warn","message":"Unknown message type","module":"websocket","timestamp":"2025-09-01T18:28:58.964Z"}
{"level":"info","message":"WebSocket connection manually closed","module":"websocket","timestamp":"2025-09-01T18:29:08.657Z"}
{"level":"info","message":"Connecting to WebSocket: ws://127.0.0.1:3001?access_token=w@123456","module":"websocket","timestamp":"2025-09-01T18:29:12.557Z"}
{"level":"info","message":"WebSocket connection established","module":"websocket","timestamp":"2025-09-01T18:29:12.565Z"}
{"extra":{"sub_type":"connect"},"level":"info","message":"Lifecycle event received","module":"websocket","timestamp":"2025-09-01T18:29:12.566Z"}
{"extra":{"action":"send_private_msg","params":{"message":"🎉 QQ智能机器人启动成功！\n\n📊 系统状态:\n✅ 数据库连接: 正常\n✅ WebSocket连接: 正常  \n✅ HTTP服务器: 正常\n✅ AI服务: 正常\n\n🤖 机器人信息:\n• QQ号: 1129974489\n• AI模型: gemini-2.5-flash\n• 启动时间: 2025/9/2 02:29:13\n\n💡 功能说明:\n• 智能对话: 直接发送消息进行对话\n• 需求管理: 描述开发需求，机器人会智能识别并处理\n• 群聊管理: 支持群聊AI回复功能\n\n您现在可以开始与我对话了！","user_id":85178516}},"level":"info","message":"Message sent to OneBot server","module":"websocket","timestamp":"2025-09-01T18:29:13.583Z"}
{"extra":{},"level":"warn","message":"Unknown message type","module":"websocket","timestamp":"2025-09-01T18:29:13.670Z"}
{"level":"info","message":"WebSocket connection manually closed","module":"websocket","timestamp":"2025-09-01T18:29:26.677Z"}
{"level":"info","message":"Connecting to WebSocket: ws://127.0.0.1:3001?access_token=w@123456","module":"websocket","timestamp":"2025-09-01T18:29:30.560Z"}
{"level":"info","message":"WebSocket connection established","module":"websocket","timestamp":"2025-09-01T18:29:30.568Z"}
{"extra":{"sub_type":"connect"},"level":"info","message":"Lifecycle event received","module":"websocket","timestamp":"2025-09-01T18:29:30.570Z"}
{"extra":{"action":"send_private_msg","params":{"message":"🎉 QQ智能机器人启动成功！\n\n📊 系统状态:\n✅ 数据库连接: 正常\n✅ WebSocket连接: 正常  \n✅ HTTP服务器: 正常\n✅ AI服务: 正常\n\n🤖 机器人信息:\n• QQ号: 1129974489\n• AI模型: gemini-2.5-flash\n• 启动时间: 2025/9/2 02:29:31\n\n💡 功能说明:\n• 智能对话: 直接发送消息进行对话\n• 需求管理: 描述开发需求，机器人会智能识别并处理\n• 群聊管理: 支持群聊AI回复功能\n\n您现在可以开始与我对话了！","user_id":85178516}},"level":"info","message":"Message sent to OneBot server","module":"websocket","timestamp":"2025-09-01T18:29:31.584Z"}
{"extra":{},"level":"warn","message":"Unknown message type","module":"websocket","timestamp":"2025-09-01T18:29:31.679Z"}
{"level":"info","message":"WebSocket connection manually closed","module":"websocket","timestamp":"2025-09-01T18:29:51.688Z"}
{"level":"info","message":"Connecting to WebSocket: ws://127.0.0.1:3001?access_token=w@123456","module":"websocket","timestamp":"2025-09-01T18:29:55.624Z"}
{"level":"info","message":"WebSocket connection established","module":"websocket","timestamp":"2025-09-01T18:29:55.631Z"}
{"extra":{"sub_type":"connect"},"level":"info","message":"Lifecycle event received","module":"websocket","timestamp":"2025-09-01T18:29:55.632Z"}
{"extra":{"action":"send_private_msg","params":{"message":"🎉 QQ智能机器人启动成功！\n\n📊 系统状态:\n✅ 数据库连接: 正常\n✅ WebSocket连接: 正常  \n✅ HTTP服务器: 正常\n✅ AI服务: 正常\n\n🤖 机器人信息:\n• QQ号: 1129974489\n• AI模型: gemini-2.5-flash\n• 启动时间: 2025/9/2 02:29:56\n\n💡 功能说明:\n• 智能对话: 直接发送消息进行对话\n• 需求管理: 描述开发需求，机器人会智能识别并处理\n• 群聊管理: 支持群聊AI回复功能\n\n您现在可以开始与我对话了！","user_id":85178516}},"level":"info","message":"Message sent to OneBot server","module":"websocket","timestamp":"2025-09-01T18:29:56.653Z"}
{"extra":{},"level":"warn","message":"Unknown message type","module":"websocket","timestamp":"2025-09-01T18:29:56.730Z"}
{"level":"info","message":"WebSocket connection manually closed","module":"websocket","timestamp":"2025-09-01T18:30:20.278Z"}
{"level":"info","message":"Connecting to WebSocket: ws://127.0.0.1:3001?access_token=w@123456","module":"websocket","timestamp":"2025-09-01T18:30:24.273Z"}
{"level":"info","message":"WebSocket connection established","module":"websocket","timestamp":"2025-09-01T18:30:24.280Z"}
{"extra":{"sub_type":"connect"},"level":"info","message":"Lifecycle event received","module":"websocket","timestamp":"2025-09-01T18:30:24.281Z"}
{"extra":{"action":"send_private_msg","params":{"message":"🎉 QQ智能机器人启动成功！\n\n📊 系统状态:\n✅ 数据库连接: 正常\n✅ WebSocket连接: 正常  \n✅ HTTP服务器: 正常\n✅ AI服务: 正常\n\n🤖 机器人信息:\n• QQ号: 1129974489\n• AI模型: gemini-2.5-flash\n• 启动时间: 2025/9/2 02:30:25\n\n💡 功能说明:\n• 智能对话: 直接发送消息进行对话\n• 需求管理: 描述开发需求，机器人会智能识别并处理\n• 群聊管理: 支持群聊AI回复功能\n\n您现在可以开始与我对话了！","user_id":85178516}},"level":"info","message":"Message sent to OneBot server","module":"websocket","timestamp":"2025-09-01T18:30:25.301Z"}
{"extra":{},"level":"warn","message":"Unknown message type","module":"websocket","timestamp":"2025-09-01T18:30:25.376Z"}
{"level":"info","message":"WebSocket connection manually closed","module":"websocket","timestamp":"2025-09-01T18:34:30.741Z"}
{"level":"info","message":"Connecting to WebSocket: ws://127.0.0.1:3001?access_token=w@123456","module":"websocket","timestamp":"2025-09-01T18:34:34.655Z"}
{"level":"info","message":"WebSocket connection established","module":"websocket","timestamp":"2025-09-01T18:34:34.663Z"}
{"extra":{"sub_type":"connect"},"level":"info","message":"Lifecycle event received","module":"websocket","timestamp":"2025-09-01T18:34:34.665Z"}
{"extra":{"action":"send_private_msg","params":{"message":"🎉 QQ智能机器人启动成功！\n\n📊 系统状态:\n✅ 数据库连接: 正常\n✅ WebSocket连接: 正常  \n✅ HTTP服务器: 正常\n✅ AI服务: 正常\n\n🤖 机器人信息:\n• QQ号: 1129974489\n• AI模型: gemini-2.5-flash\n• 启动时间: 2025/9/2 02:34:35\n\n💡 功能说明:\n• 智能对话: 直接发送消息进行对话\n• 需求管理: 描述开发需求，机器人会智能识别并处理\n• 群聊管理: 支持群聊AI回复功能\n\n您现在可以开始与我对话了！","user_id":85178516}},"level":"info","message":"Message sent to OneBot server","module":"websocket","timestamp":"2025-09-01T18:34:35.683Z"}
{"extra":{},"level":"warn","message":"Unknown message type","module":"websocket","timestamp":"2025-09-01T18:34:35.773Z"}
{"level":"info","message":"WebSocket connection manually closed","module":"websocket","timestamp":"2025-09-01T18:34:59.799Z"}
{"level":"info","message":"Connecting to WebSocket: ws://127.0.0.1:3001?access_token=w@123456","module":"websocket","timestamp":"2025-09-01T18:35:03.737Z"}
{"level":"info","message":"WebSocket connection established","module":"websocket","timestamp":"2025-09-01T18:35:03.745Z"}
{"extra":{"sub_type":"connect"},"level":"info","message":"Lifecycle event received","module":"websocket","timestamp":"2025-09-01T18:35:03.746Z"}
{"extra":{"action":"send_private_msg","params":{"message":"🎉 QQ智能机器人启动成功！\n\n📊 系统状态:\n✅ 数据库连接: 正常\n✅ WebSocket连接: 正常  \n✅ HTTP服务器: 正常\n✅ AI服务: 正常\n\n🤖 机器人信息:\n• QQ号: 1129974489\n• AI模型: gemini-2.5-flash\n• 启动时间: 2025/9/2 02:35:04\n\n💡 功能说明:\n• 智能对话: 直接发送消息进行对话\n• 需求管理: 描述开发需求，机器人会智能识别并处理\n• 群聊管理: 支持群聊AI回复功能\n\n您现在可以开始与我对话了！","user_id":85178516}},"level":"info","message":"Message sent to OneBot server","module":"websocket","timestamp":"2025-09-01T18:35:04.761Z"}
{"extra":{},"level":"warn","message":"Unknown message type","module":"websocket","timestamp":"2025-09-01T18:35:04.845Z"}
{"level":"info","message":"WebSocket connection manually closed","module":"websocket","timestamp":"2025-09-01T18:35:17.436Z"}
{"level":"info","message":"Connecting to WebSocket: ws://127.0.0.1:3001?access_token=w@123456","module":"websocket","timestamp":"2025-09-01T18:35:21.313Z"}
{"level":"info","message":"WebSocket connection established","module":"websocket","timestamp":"2025-09-01T18:35:21.320Z"}
{"extra":{"sub_type":"connect"},"level":"info","message":"Lifecycle event received","module":"websocket","timestamp":"2025-09-01T18:35:21.321Z"}
{"extra":{"action":"send_private_msg","params":{"message":"🎉 QQ智能机器人启动成功！\n\n📊 系统状态:\n✅ 数据库连接: 正常\n✅ WebSocket连接: 正常  \n✅ HTTP服务器: 正常\n✅ AI服务: 正常\n\n🤖 机器人信息:\n• QQ号: 1129974489\n• AI模型: gemini-2.5-flash\n• 启动时间: 2025/9/2 02:35:22\n\n💡 功能说明:\n• 智能对话: 直接发送消息进行对话\n• 需求管理: 描述开发需求，机器人会智能识别并处理\n• 群聊管理: 支持群聊AI回复功能\n\n您现在可以开始与我对话了！","user_id":85178516}},"level":"info","message":"Message sent to OneBot server","module":"websocket","timestamp":"2025-09-01T18:35:22.342Z"}
{"extra":{},"level":"warn","message":"Unknown message type","module":"websocket","timestamp":"2025-09-01T18:35:22.421Z"}
{"level":"info","message":"WebSocket connection manually closed","module":"websocket","timestamp":"2025-09-01T18:35:35.120Z"}
{"level":"info","message":"Connecting to WebSocket: ws://127.0.0.1:3001?access_token=w@123456","module":"websocket","timestamp":"2025-09-01T18:35:38.984Z"}
{"level":"info","message":"WebSocket connection established","module":"websocket","timestamp":"2025-09-01T18:35:38.991Z"}
{"extra":{"sub_type":"connect"},"level":"info","message":"Lifecycle event received","module":"websocket","timestamp":"2025-09-01T18:35:38.992Z"}
{"extra":{"action":"send_private_msg","params":{"message":"🎉 QQ智能机器人启动成功！\n\n📊 系统状态:\n✅ 数据库连接: 正常\n✅ WebSocket连接: 正常  \n✅ HTTP服务器: 正常\n✅ AI服务: 正常\n\n🤖 机器人信息:\n• QQ号: 1129974489\n• AI模型: gemini-2.5-flash\n• 启动时间: 2025/9/2 02:35:40\n\n💡 功能说明:\n• 智能对话: 直接发送消息进行对话\n• 需求管理: 描述开发需求，机器人会智能识别并处理\n• 群聊管理: 支持群聊AI回复功能\n\n您现在可以开始与我对话了！","user_id":85178516}},"level":"info","message":"Message sent to OneBot server","module":"websocket","timestamp":"2025-09-01T18:35:40.015Z"}
{"extra":{},"level":"warn","message":"Unknown message type","module":"websocket","timestamp":"2025-09-01T18:35:40.093Z"}
{"level":"info","message":"WebSocket connection manually closed","module":"websocket","timestamp":"2025-09-01T18:35:52.005Z"}
{"level":"info","message":"Connecting to WebSocket: ws://127.0.0.1:3001?access_token=w@123456","module":"websocket","timestamp":"2025-09-01T18:35:55.920Z"}
{"level":"info","message":"WebSocket connection established","module":"websocket","timestamp":"2025-09-01T18:35:55.928Z"}
{"extra":{"sub_type":"connect"},"level":"info","message":"Lifecycle event received","module":"websocket","timestamp":"2025-09-01T18:35:55.929Z"}
{"extra":{"action":"send_private_msg","params":{"message":"🎉 QQ智能机器人启动成功！\n\n📊 系统状态:\n✅ 数据库连接: 正常\n✅ WebSocket连接: 正常  \n✅ HTTP服务器: 正常\n✅ AI服务: 正常\n\n🤖 机器人信息:\n• QQ号: 1129974489\n• AI模型: gemini-2.5-flash\n• 启动时间: 2025/9/2 02:35:56\n\n💡 功能说明:\n• 智能对话: 直接发送消息进行对话\n• 需求管理: 描述开发需求，机器人会智能识别并处理\n• 群聊管理: 支持群聊AI回复功能\n\n您现在可以开始与我对话了！","user_id":85178516}},"level":"info","message":"Message sent to OneBot server","module":"websocket","timestamp":"2025-09-01T18:35:56.949Z"}
{"extra":{},"level":"warn","message":"Unknown message type","module":"websocket","timestamp":"2025-09-01T18:35:57.048Z"}
{"level":"info","message":"WebSocket connection manually closed","module":"websocket","timestamp":"2025-09-01T18:36:30.316Z"}
{"level":"info","message":"Connecting to WebSocket: ws://127.0.0.1:3001?access_token=w@123456","module":"websocket","timestamp":"2025-09-01T18:36:34.179Z"}
{"level":"info","message":"WebSocket connection established","module":"websocket","timestamp":"2025-09-01T18:36:34.187Z"}
{"extra":{"sub_type":"connect"},"level":"info","message":"Lifecycle event received","module":"websocket","timestamp":"2025-09-01T18:36:34.188Z"}
{"extra":{"action":"send_private_msg","params":{"message":"🎉 QQ智能机器人启动成功！\n\n📊 系统状态:\n✅ 数据库连接: 正常\n✅ WebSocket连接: 正常  \n✅ HTTP服务器: 正常\n✅ AI服务: 正常\n\n🤖 机器人信息:\n• QQ号: 1129974489\n• AI模型: gemini-2.5-flash\n• 启动时间: 2025/9/2 02:36:35\n\n💡 功能说明:\n• 智能对话: 直接发送消息进行对话\n• 需求管理: 描述开发需求，机器人会智能识别并处理\n• 群聊管理: 支持群聊AI回复功能\n\n您现在可以开始与我对话了！","user_id":85178516}},"level":"info","message":"Message sent to OneBot server","module":"websocket","timestamp":"2025-09-01T18:36:35.205Z"}
{"extra":{},"level":"warn","message":"Unknown message type","module":"websocket","timestamp":"2025-09-01T18:36:35.280Z"}
{"level":"info","message":"WebSocket connection manually closed","module":"websocket","timestamp":"2025-09-01T18:37:24.609Z"}
{"level":"info","message":"Connecting to WebSocket: ws://127.0.0.1:3001?access_token=w@123456","module":"websocket","timestamp":"2025-09-01T18:37:28.686Z"}
{"level":"info","message":"WebSocket connection established","module":"websocket","timestamp":"2025-09-01T18:37:28.694Z"}
{"extra":{"sub_type":"connect"},"level":"info","message":"Lifecycle event received","module":"websocket","timestamp":"2025-09-01T18:37:28.695Z"}
{"extra":{"action":"send_private_msg","params":{"message":"🎉 QQ智能机器人启动成功！\n\n📊 系统状态:\n✅ 数据库连接: 正常\n✅ WebSocket连接: 正常  \n✅ HTTP服务器: 正常\n✅ AI服务: 正常\n\n🤖 机器人信息:\n• QQ号: 1129974489\n• AI模型: gemini-2.5-flash\n• 启动时间: 2025/9/2 02:37:29\n\n💡 功能说明:\n• 智能对话: 直接发送消息进行对话\n• 需求管理: 描述开发需求，机器人会智能识别并处理\n• 群聊管理: 支持群聊AI回复功能\n\n您现在可以开始与我对话了！","user_id":85178516}},"level":"info","message":"Message sent to OneBot server","module":"websocket","timestamp":"2025-09-01T18:37:29.712Z"}
{"extra":{},"level":"warn","message":"Unknown message type","module":"websocket","timestamp":"2025-09-01T18:37:29.795Z"}
{"level":"info","message":"WebSocket connection manually closed","module":"websocket","timestamp":"2025-09-01T18:38:35.024Z"}
{"level":"info","message":"Connecting to WebSocket: ws://127.0.0.1:3001?access_token=w@123456","module":"websocket","timestamp":"2025-09-01T18:38:38.896Z"}
{"level":"info","message":"WebSocket connection established","module":"websocket","timestamp":"2025-09-01T18:38:38.904Z"}
{"extra":{"sub_type":"connect"},"level":"info","message":"Lifecycle event received","module":"websocket","timestamp":"2025-09-01T18:38:38.905Z"}
{"extra":{"action":"send_private_msg","params":{"message":"🎉 QQ智能机器人启动成功！\n\n📊 系统状态:\n✅ 数据库连接: 正常\n✅ WebSocket连接: 正常  \n✅ HTTP服务器: 正常\n✅ AI服务: 正常\n\n🤖 机器人信息:\n• QQ号: 1129974489\n• AI模型: gemini-2.5-flash\n• 启动时间: 2025/9/2 02:38:39\n\n💡 功能说明:\n• 智能对话: 直接发送消息进行对话\n• 需求管理: 描述开发需求，机器人会智能识别并处理\n• 群聊管理: 支持群聊AI回复功能\n\n您现在可以开始与我对话了！","user_id":85178516}},"level":"info","message":"Message sent to OneBot server","module":"websocket","timestamp":"2025-09-01T18:38:39.924Z"}
{"extra":{},"level":"warn","message":"Unknown message type","module":"websocket","timestamp":"2025-09-01T18:38:40.008Z"}
{"level":"info","message":"WebSocket connection manually closed","module":"websocket","timestamp":"2025-09-01T18:39:32.784Z"}
{"level":"info","message":"Connecting to WebSocket: ws://127.0.0.1:3001?access_token=w@123456","module":"websocket","timestamp":"2025-09-01T18:39:36.639Z"}
{"level":"info","message":"WebSocket connection established","module":"websocket","timestamp":"2025-09-01T18:39:36.647Z"}
{"extra":{"sub_type":"connect"},"level":"info","message":"Lifecycle event received","module":"websocket","timestamp":"2025-09-01T18:39:36.648Z"}
{"extra":{"action":"send_private_msg","params":{"message":"🎉 QQ智能机器人启动成功！\n\n📊 系统状态:\n✅ 数据库连接: 正常\n✅ WebSocket连接: 正常  \n✅ HTTP服务器: 正常\n✅ AI服务: 正常\n\n🤖 机器人信息:\n• QQ号: 1129974489\n• AI模型: gemini-2.5-flash\n• 启动时间: 2025/9/2 02:39:37\n\n💡 功能说明:\n• 智能对话: 直接发送消息进行对话\n• 需求管理: 描述开发需求，机器人会智能识别并处理\n• 群聊管理: 支持群聊AI回复功能\n\n您现在可以开始与我对话了！","user_id":85178516}},"level":"info","message":"Message sent to OneBot server","module":"websocket","timestamp":"2025-09-01T18:39:37.665Z"}
{"extra":{},"level":"warn","message":"Unknown message type","module":"websocket","timestamp":"2025-09-01T18:39:37.745Z"}
{"level":"info","message":"WebSocket connection manually closed","module":"websocket","timestamp":"2025-09-01T18:39:51.000Z"}
{"level":"info","message":"Connecting to WebSocket: ws://127.0.0.1:3001?access_token=w@123456","module":"websocket","timestamp":"2025-09-01T18:39:54.881Z"}
{"level":"info","message":"WebSocket connection established","module":"websocket","timestamp":"2025-09-01T18:39:54.891Z"}
{"extra":{"sub_type":"connect"},"level":"info","message":"Lifecycle event received","module":"websocket","timestamp":"2025-09-01T18:39:54.891Z"}
{"extra":{"action":"send_private_msg","params":{"message":"🎉 QQ智能机器人启动成功！\n\n📊 系统状态:\n✅ 数据库连接: 正常\n✅ WebSocket连接: 正常  \n✅ HTTP服务器: 正常\n✅ AI服务: 正常\n\n🤖 机器人信息:\n• QQ号: 1129974489\n• AI模型: gemini-2.5-flash\n• 启动时间: 2025/9/2 02:39:55\n\n💡 功能说明:\n• 智能对话: 直接发送消息进行对话\n• 需求管理: 描述开发需求，机器人会智能识别并处理\n• 群聊管理: 支持群聊AI回复功能\n\n您现在可以开始与我对话了！","user_id":85178516}},"level":"info","message":"Message sent to OneBot server","module":"websocket","timestamp":"2025-09-01T18:39:55.909Z"}
{"extra":{},"level":"warn","message":"Unknown message type","module":"websocket","timestamp":"2025-09-01T18:39:55.991Z"}
{"level":"info","message":"WebSocket connection manually closed","module":"websocket","timestamp":"2025-09-01T18:40:06.303Z"}
{"level":"info","message":"Connecting to WebSocket: ws://127.0.0.1:3001?access_token=w@123456","module":"websocket","timestamp":"2025-09-01T18:40:10.156Z"}
{"level":"info","message":"WebSocket connection established","module":"websocket","timestamp":"2025-09-01T18:40:10.163Z"}
{"extra":{"sub_type":"connect"},"level":"info","message":"Lifecycle event received","module":"websocket","timestamp":"2025-09-01T18:40:10.164Z"}
{"extra":{"action":"send_private_msg","params":{"message":"🎉 QQ智能机器人启动成功！\n\n📊 系统状态:\n✅ 数据库连接: 正常\n✅ WebSocket连接: 正常  \n✅ HTTP服务器: 正常\n✅ AI服务: 正常\n\n🤖 机器人信息:\n• QQ号: 1129974489\n• AI模型: gemini-2.5-flash\n• 启动时间: 2025/9/2 02:40:11\n\n💡 功能说明:\n• 智能对话: 直接发送消息进行对话\n• 需求管理: 描述开发需求，机器人会智能识别并处理\n• 群聊管理: 支持群聊AI回复功能\n\n您现在可以开始与我对话了！","user_id":85178516}},"level":"info","message":"Message sent to OneBot server","module":"websocket","timestamp":"2025-09-01T18:40:11.183Z"}
{"extra":{},"level":"warn","message":"Unknown message type","module":"websocket","timestamp":"2025-09-01T18:40:11.264Z"}
{"level":"info","message":"WebSocket connection manually closed","module":"websocket","timestamp":"2025-09-01T18:40:23.904Z"}
{"level":"info","message":"Connecting to WebSocket: ws://127.0.0.1:3001?access_token=w@123456","module":"websocket","timestamp":"2025-09-01T18:40:27.833Z"}
{"level":"info","message":"WebSocket connection established","module":"websocket","timestamp":"2025-09-01T18:40:27.841Z"}
{"extra":{"sub_type":"connect"},"level":"info","message":"Lifecycle event received","module":"websocket","timestamp":"2025-09-01T18:40:27.842Z"}
{"extra":{"action":"send_private_msg","params":{"message":"🎉 QQ智能机器人启动成功！\n\n📊 系统状态:\n✅ 数据库连接: 正常\n✅ WebSocket连接: 正常  \n✅ HTTP服务器: 正常\n✅ AI服务: 正常\n\n🤖 机器人信息:\n• QQ号: 1129974489\n• AI模型: gemini-2.5-flash\n• 启动时间: 2025/9/2 02:40:28\n\n💡 功能说明:\n• 智能对话: 直接发送消息进行对话\n• 需求管理: 描述开发需求，机器人会智能识别并处理\n• 群聊管理: 支持群聊AI回复功能\n\n您现在可以开始与我对话了！","user_id":85178516}},"level":"info","message":"Message sent to OneBot server","module":"websocket","timestamp":"2025-09-01T18:40:28.859Z"}
{"extra":{},"level":"warn","message":"Unknown message type","module":"websocket","timestamp":"2025-09-01T18:40:28.937Z"}
{"level":"info","message":"WebSocket connection manually closed","module":"websocket","timestamp":"2025-09-01T18:40:41.070Z"}
{"level":"info","message":"Connecting to WebSocket: ws://127.0.0.1:3001?access_token=w@123456","module":"websocket","timestamp":"2025-09-01T18:40:45.042Z"}
{"level":"info","message":"WebSocket connection established","module":"websocket","timestamp":"2025-09-01T18:40:45.050Z"}
{"extra":{"sub_type":"connect"},"level":"info","message":"Lifecycle event received","module":"websocket","timestamp":"2025-09-01T18:40:45.051Z"}
{"extra":{"action":"send_private_msg","params":{"message":"🎉 QQ智能机器人启动成功！\n\n📊 系统状态:\n✅ 数据库连接: 正常\n✅ WebSocket连接: 正常  \n✅ HTTP服务器: 正常\n✅ AI服务: 正常\n\n🤖 机器人信息:\n• QQ号: 1129974489\n• AI模型: gemini-2.5-flash\n• 启动时间: 2025/9/2 02:40:46\n\n💡 功能说明:\n• 智能对话: 直接发送消息进行对话\n• 需求管理: 描述开发需求，机器人会智能识别并处理\n• 群聊管理: 支持群聊AI回复功能\n\n您现在可以开始与我对话了！","user_id":85178516}},"level":"info","message":"Message sent to OneBot server","module":"websocket","timestamp":"2025-09-01T18:40:46.067Z"}
{"extra":{},"level":"warn","message":"Unknown message type","module":"websocket","timestamp":"2025-09-01T18:40:46.154Z"}
{"level":"info","message":"WebSocket connection manually closed","module":"websocket","timestamp":"2025-09-01T18:41:14.869Z"}
{"level":"info","message":"Connecting to WebSocket: ws://127.0.0.1:3001?access_token=w@123456","module":"websocket","timestamp":"2025-09-01T18:41:18.784Z"}
{"level":"info","message":"WebSocket connection established","module":"websocket","timestamp":"2025-09-01T18:41:18.791Z"}
{"extra":{"sub_type":"connect"},"level":"info","message":"Lifecycle event received","module":"websocket","timestamp":"2025-09-01T18:41:18.792Z"}
{"extra":{"action":"send_private_msg","params":{"message":"🎉 QQ智能机器人启动成功！\n\n📊 系统状态:\n✅ 数据库连接: 正常\n✅ WebSocket连接: 正常  \n✅ HTTP服务器: 正常\n✅ AI服务: 正常\n\n🤖 机器人信息:\n• QQ号: 1129974489\n• AI模型: gemini-2.5-flash\n• 启动时间: 2025/9/2 02:41:19\n\n💡 功能说明:\n• 智能对话: 直接发送消息进行对话\n• 需求管理: 描述开发需求，机器人会智能识别并处理\n• 群聊管理: 支持群聊AI回复功能\n\n您现在可以开始与我对话了！","user_id":85178516}},"level":"info","message":"Message sent to OneBot server","module":"websocket","timestamp":"2025-09-01T18:41:19.811Z"}
{"extra":{},"level":"warn","message":"Unknown message type","module":"websocket","timestamp":"2025-09-01T18:41:19.896Z"}
{"level":"info","message":"WebSocket connection manually closed","module":"websocket","timestamp":"2025-09-01T18:41:52.488Z"}
